lx,report_date,report_time,reporter_name,reporter_phone,report_type,incident_location,incidenet_location_specific,incident_location_province,summary,investigator,case_status,note
2568-001,2025-01-02,10:00 น.,นายวีระศักดิ์ กำจัดภัย,081-222-3333,อุบัติเหตุจราจร,ถนนสุขุมวิท ซอย 22,เขตคลองเตย,กรุงเทพ,เมื่อวันที่ 2025-01-02 เวลา 09:30 น. รถยนต์ของนายวีระศักดิ์ถูกรถจักรยานยนต์ตัดหน้ากะทันหัน ทำให้เฉี่ยวชนกันเล็กน้อย รถจักรยานยนต์ล้ม คนขับบาดเจ็บเล็กน้อย นายวีระศักดิ์จอดรถลงมาช่วยเหลือและเรียกประกัน,ร.ต.อ.วิชาญ ชัยชนะ,ยุติการสอบสวน,คู่กรณีตกลงไม่ติดใจเอาความหลังตกลงค่าเสียหายแล้ว
2568-002,2025-01-03,09:00 น.,นายวิวัฒน์ แสงจันทร์,065-333-4444,ฆาตกรรม,บ้านพัก ซอยลาดพร้าว 122,เขตวังทองหลาง,กรุงเทพ,เมื่อวันที่ 2025-01-02 เวลาประมาณ 22:00 น. พบศพนายดำรงค์ นอนเสียชีวิตอยู่ภายในบ้านพัก มีร่องรอยการถูกยิงด้วยอาวุธปืนไม่ทราบขนาด เจ้าหน้าที่ตำรวจเข้าตรวจสอบที่เกิดเหตุและเก็บปลอกกระสุน,พ.ต.ท.หญิงปรีดา ศรีสุข,อยู่ระหว่างสอบสวน,ส่งศพชันสูตรและตรวจสอบกล้องวงจรปิดในบริเวณใกล้เคียง
2568-003,2025-01-05,10:30 น.,นางสาวกานดา นภา,062-111-2222,ของหาย,สวนเบญจกิติ,เขตคลองเตย,กรุงเทพ,"เมื่อวันที่ 2025-01-05 เวลาประมาณ 10:00 น. นางสาวกานดาทำสร้อยข้อมือทองคำขาวพร้อมจี้เพชร มูลค่าประมาณ 20,000 บาท หล่นหายไปขณะเดินออกกำลังกายในสวนสาธารณะ เธอพยายามเดินย้อนหาแล้วแต่ไม่พบ",พ.ต.ท.หญิงปรีดา ศรีสุข,อยู่ระหว่างสอบสวน,ประสานงานกับเจ้าหน้าที่สวนเพื่อตรวจสอบพื้นที่และสอบถามผู้พบเห็น
2568-004,2025-01-05,14:00 น.,นายวิชัย พิทักษ์,090-555-6666,ฉ้อโกง,ห้างสรรพสินค้าเมเจอร์ รัชโยธิน,เขตจตุจักร,กรุงเทพ,"เมื่อวันที่ 2025-01-04 นายวิชัยถูกหญิงคนหนึ่งหลอกขายโทรศัพท์มือถือปลอม โดยอ้างว่าเป็นรุ่นใหม่ล่าสุดในราคาถูก เธอหลงเชื่อและซื้อไปในราคา 20,000 บาท เมื่อนำไปตรวจสอบจึงพบว่าเป็นของปลอม",พ.ต.ท.หญิงปรีดา ศรีสุข,อยู่ระหว่างสอบสวน,รวบรวมหลักฐานการซื้อขายและตรวจสอบกล้องวงจรปิดของห้าง
2568-005,2025-01-05,15:00 น.,กรมสอบสวนคดีพิเศษ (DSI),02-456-7890,ค้ามนุษย์,โรงงานผลิตเสื้อผ้าแห่งหนึ่งในจังหวัดนครปฐม,จังหวัดนครปฐม,จังหวัดนครปฐม,เมื่อวันที่ 2025-01-04 เจ้าหน้าที่ DSI เข้าตรวจค้นโรงงาน พบแรงงานต่างด้าวจำนวน 30 คน ถูกกักขังและบังคับใช้แรงงานเกินเวลา โดยไม่ได้รับค่าจ้างตามกฎหมาย และถูกยึดเอกสารประจำตัวไว้ทั้งหมด,พ.ต.ท.หญิงปรีดา ศรีสุข,อยู่ระหว่างสอบสวน,ช่วยเหลือเหยื่อและรวบรวมพยานหลักฐานเพื่อดำเนินคดีกับผู้กระทำผิด
2568-007,2025-01-08,09:30 น.,นางผ่องศรี ชื่นฤดี,081-123-4567,ลักทรัพย์,อพาร์ตเมนต์ศุภาลัยเพลส รัชดา ห้อง 702,เขตดินแดง,กรุงเทพ,"เมื่อวันที่ 2025-01-07 เวลาประมาณ 21:00 น. นางผ่องศรีกลับถึงห้องพัก พบว่าประตูไม่ได้ล็อคและทรัพย์สินมีค่าหลายรายการหายไป ได้แก่ เงินสด 10,000 บาท, แหวนเพชร 1 วง มูลค่า 50,000 บาท และกล้องดิจิทัล Mirrorless ยี่ห้อ Sony รุ่น A7C มูลค่า 65,000 บาท คาดว่าคนร้ายใช้กุญแจผีหรือสะเดาะกลอนเข้ามา",ร.ต.อ.วิชาญ ชัยชนะ,อยู่ระหว่างสอบสวน,ตรวจสอบกล้องวงจรปิดของอพาร์ตเมนต์และเก็บลายนิ้วมือแฝง
2568-008,2025-01-10,09:00 น.,นายธนากรณ์ วงศ์วาน,065-111-2222,อุบัติเหตุจราจร,ถนนพหลโยธิน ซอย 2,เขตพญาไท,กรุงเทพ,เมื่อวันที่ 2025-01-10 เวลา 08:50 น. รถยนต์ของนายธนากรณ์ถูกรถจักรยานยนต์ที่ขับย้อนศรมาชนด้านหน้าอย่างจัง รถจักรยานยนต์ได้รับความเสียหายหนัก คนขับบาดเจ็บเล็กน้อย ส่วนรถยนต์ของนายธนากรณ์เสียหายที่กันชนหน้า,พ.ต.ท.หญิงปรีดา ศรีสุข,อยู่ระหว่างสอบสวน,รอผลการสอบสวนเพิ่มเติมจากพนักงานสอบสวน
2568-009,2025-01-10,11:00 น.,นางสาวกัญญาณัฐ อ่อนนุช,061-012-3456,ของหาย,สวนสาธารณะลุมพินี,เขตปทุมวัน,กรุงเทพ,"เมื่อวันที่ 2025-01-10 เวลา 10:40 น. นางสาวกัญญาณัฐทำกระเป๋าสะพายข้างยี่ห้อ Coach มูลค่า 10,000 บาท หล่นหายไปขณะเดินออกกำลังกาย เธอได้พยายามเดินหาในบริเวณดังกล่าวแล้วแต่ไม่พบ",พ.ต.ท.หญิงปรีดา ศรีสุข,อยู่ระหว่างสอบสวน,ประสานงานกับเจ้าหน้าที่สวนเพื่อตรวจสอบพื้นที่และสอบถามผู้พบเห็น
2568-010,2025-01-11,08:45 น.,นายสุทัศน์ พิทักษ์,085-888-9999,ลักทรัพย์,บริษัท โลจิสติกส์เอ็กซ์เพรส สำนักงานใหญ่,ข้อมูลไม่เพียงพอที่จะระบุเขต,unknown,"เมื่อคืนวันที่ 2025-01-10 ระหว่างเวลา 22:00 น. ถึง 06:00 น. ของเช้าวันที่ 11 ม.ค. พัสดุอิเล็กทรอนิกส์ขนาดเล็กจำนวน 50 กล่อง มูลค่ารวม 100,000 บาท ได้หายไปจากคลังสินค้า มีร่องรอยการตัดโซ่ประตูหลัง",ร.ต.อ.วิชาญ ชัยชนะ,อยู่ระหว่างสอบสวน,ตรวจสอบกล้องวงจรปิดของบริษัทและเก็บหลักฐานรอยเท้าในที่เกิดเหตุ
2568-011,2025-01-12,10:00 น.,นายธนวัฒน์ พลเมืองดี,081-555-6666,อุบัติเหตุจราจร,ถนนวิภาวดีรังสิต (ขาเข้า),ข้อมูลไม่เพียงพอที่จะระบุเขต,unknown,เมื่อวันที่ 2025-01-12 เวลา 09:45 น. รถยนต์ของนายธนวัฒน์ถูกรถจักรยานยนต์ตัดหน้ากะทันหัน ทำให้เฉี่ยวชนกันเล็กน้อย รถจักรยานยนต์ล้ม คนขับบาดเจ็บเล็กน้อย นายธนวัฒน์จอดรถลงมาช่วยเหลือและเรียกประกัน,ร.ต.อ.วิชาญ ชัยชนะ,ยุติการสอบสวน,คู่กรณีตกลงไม่ติดใจเอาความหลังตกลงค่าเสียหายแล้ว
2568-012,2025-01-14,14:00 น.,นายสมชาย ใจเย็น,061-777-8888,อุบัติเหตุจราจร,ถนนสุขุมวิท ซอย 39,เขตวัฒนา,กรุงเทพ,เมื่อวันที่ 2025-01-14 เวลา 13:50 น. รถยนต์ของนายสมชายถูกรถจักรยานยนต์ที่ขับขี่มาด้วยความเร็วสูงชนด้านข้างขณะกำลังเลี้ยว รถจักรยานยนต์ล้ม คนขับบาดเจ็บเล็กน้อย รถยนต์ของนายสมชายเสียหายที่ประตูหน้าด้านซ้าย,พ.ต.ท.หญิงปรีดา ศรีสุข,อยู่ระหว่างสอบสวน,รอผลการสอบสวนจากพนักงานสอบสวน
2568-013,2025-01-15,10:00 น.,นางจินตนา สุขสบาย,081-123-4567,อุบัติเหตุจราจร,สี่แยกอโศกมนตรี,เขตวัฒนา และ เขตคลองเตย,กรุงเทพ,เมื่อวันที่ 2025-01-14 เวลาประมาณ 17:30 น. ขณะที่นางจินตนาขับรถเก๋งผ่านสี่แยกอโศกฯ ได้ถูกรถจักรยานยนต์คันหนึ่งฝ่าไฟแดงพุ่งชนบริเวณด้านข้าง คนขับจักรยานยนต์ได้รับบาดเจ็บเล็กน้อย ส่วนรถของนางจินตนาได้รับความเสียหายที่ประตูหน้าด้านซ้าย,ร.ต.อ.วิชาญ ชัยชนะ,ยุติการสอบสวน,คู่กรณีตกลงชดใช้ค่าเสียหายและค่ารักษาพยาบาล
2568-014,2025-01-15,13:00 น.,นายชัยวัฒน์ ศิริชัย,081-888-9999,ฆาตกรรม,โรงแรมแห่งหนึ่ง ย่านสุขุมวิท,เขตคลองเตย หรือ เขตวัฒนา,กรุงเทพ,เมื่อวันที่ 2025-01-14 เวลาประมาณ 22:00 น. พบศพหญิงสาวไม่ทราบชื่อนอนเสียชีวิตอยู่ภายในห้องพักโรงแรม มีบาดแผลถูกรัดคอ คาดว่าเสียชีวิตมาแล้วไม่ต่ำกว่า 8 ชั่วโมง,พ.ต.ท.หญิงปรีดา ศรีสุข,อยู่ระหว่างสอบสวน,ตรวจสอบกล้องวงจรปิดของโรงแรมและเก็บหลักฐานในที่เกิดเหตุ
2568-015,2025-01-16,13:50 น.,นายชาญชัย กล้าหาญ,081-777-8888,อุบัติเหตุจราจร,ถนนรามคำแหง ซอย 43/1,เขตบางกะปิ,กรุงเทพ,เมื่อวันที่ 2025-01-16 เวลา 13:40 น. นายชาญชัยขับรถยนต์ถูกรถกระบะที่ขับแซงซ้ายมาเบียด ทำให้รถเสียหลักไปชนท้ายรถยนต์ที่จอดอยู่ริมถนน รถของนายชาญชัยและรถยนต์ที่จอดอยู่ได้รับความเสียหายเล็กน้อย,ร.ต.อ.วิชาญ ชัยชนะ,อยู่ระหว่างสอบสวน,ตรวจสอบภาพจากกล้องวงจรปิดในซอยและสอบถามผู้เห็นเหตุการณ์
2568-016,2025-01-18,10:00 น.,นางสาวกนกวรรณ จันทร์เพ็ญ,081-555-6666,ของหาย,ตลาดนัดรถไฟรัชดา,เขตดินแดง,กรุงเทพ,"เมื่อวันที่ 2025-01-18 เวลา 09:30 น. นางสาวกนกวรรณทำกระเป๋าสะพายข้างยี่ห้อ Kate Spade มูลค่า 15,000 บาท หายขณะเดินซื้อของ ภายในมีเงินสด 4,000 บาท, บัตรประชาชน, และบัตรเครดิต",พ.ต.ท.หญิงปรีดา ศรีสุข,อยู่ระหว่างสอบสวน,ประสานงานร้านค้าบริเวณที่คาดว่าทำหายและตรวจสอบกล้องวงจรปิด
2568-017,2025-01-20,12:45 น.,นางสาวสุภาพร อ่อนหวาน,064-789-0123,บัญชีม้า,อาคารพาณิชย์ ซอยประชาอุทิศ 90,เขตทุ่งครุ,กรุงเทพ,"เมื่อวันที่ 2025-01-18 นางสาวสุภาพรถูกบุคคลไม่ทราบชื่อ (แอบอ้างเป็นเจ้าหน้าที่สรรพากร) โทรศัพท์มาแจ้งว่าเธอมีหนี้ภาษีที่ต้องชำระ และหลอกให้ติดตั้งแอปพลิเคชันควบคุมโทรศัพท์ จากนั้นเงินในบัญชีธนาคารของเธอจำนวน 80,000 บาท ได้ถูกโอนออกไปทั้งหมด",ร.ต.อ.วิชาญ ชัยชนะ,อยู่ระหว่างสอบสวน,รวบรวมข้อมูลการโทรและหลักฐานการโอนเงิน
2568-018,2025-01-20,10:00 น.,นายสมศักดิ์ คงมั่น,085-555-6666,อาวุธปืน,สนามยิงปืนแห่งหนึ่งในกรุงเทพฯ,ข้อมูลไม่เพียงพอที่จะระบุเขต,unknown,เมื่อวันที่ 2025-01-20 เวลา 09:45 น. นายสมศักดิ์ซึ่งเป็นเจ้าของสนามยิงปืน แจ้งว่ามีชายคนหนึ่งพยายามนำอาวุธปืนดัดแปลงเข้ามาใช้ในพื้นที่สนาม และมีพฤติกรรมน่าสงสัย,ร.ต.อ.วิชาญ ชัยชนะ,อยู่ระหว่างสอบสวน,ตรวจสอบอาวุธปืนและประวัติของผู้ต้องหา
2568-020,2025-01-20,14:00 น.,บริษัท ซอฟต์แวร์โซลูชั่นส์ จำกัด (โดยนายสมชาย ผู้จัดการ),02-890-1234,คอมพิวเตอร์,สำนักงานบริษัท ย่านอโศก,เขตวัฒนา,กรุงเทพ,เมื่อวันที่ 2025-01-19 ระบบคอมพิวเตอร์ของบริษัทถูกแฮกเกอร์โจมตี ทำให้ข้อมูลสำคัญของบริษัทถูกขโมยไป และระบบบางส่วนถูกเข้ารหัสเรียกค่าไถ่เป็นจำนวนมาก,พ.ต.ท.หญิงปรีดา ศรีสุข,อยู่ระหว่างสอบสวน,ประสานงานกับกองบังคับการปราบปรามการกระทำความผิดเกี่ยวกับอาชญากรรมทางเทคโนโลยี (ปอท.) เพื่อกู้คืนระบบและติดตามผู้กระทำผิด
2568-021,2025-01-20,09:00 น.,นายตำรวจ (ไม่ประสงค์ออกนาม),-,อาวุธปืน,ด่านตรวจชายแดน อ.สุไหงโก-ลก จ.นราธิวาส,จังหวัดนราธิวาส,จังหวัดนราธิวาส,เมื่อวันที่ 2025-01-20 เวลา 08:30 น. เจ้าหน้าที่ประจำด่านตรวจชายแดนพบอาวุธปืนสงคราม (M16) จำนวน 4 กระบอก และเครื่องกระสุนจำนวนมาก ซุกซ่อนอยู่ในรถยนต์กระบะที่กำลังจะข้ามแดน ผู้ขับขี่ถูกจับกุม,ร.ต.อ.วิชาญ ชัยชนะ,อยู่ระหว่างสอบสวน,ตรวจสอบประวัติอาชญากรรมของผู้ต้องหาและแหล่งที่มาของอาวุธปืน
2568-022,2025-01-20,11:30 น.,นายสมชาย ชาญชัย,092-444-5555,ลักทรัพย์,"อพาร์ตเมนต์ ""สบายดีเพลส"" ห้อง 305",ข้อมูลไม่เพียงพอที่จะระบุเขต,unknown,"เมื่อวันที่ 2025-01-20 เวลาประมาณ 11:00 น. นายสมชายกลับจากทำงานนอกบ้าน พบว่าประตูห้องพักถูกงัดแงะ ลูกบิดประตูพังเสียหาย และภายในห้องถูกรื้อค้นกระจัดกระจาย ทีวีจอแบนขนาด 40 นิ้ว ยี่ห้อ LG มูลค่า 12,000 บาท ที่ติดตั้งอยู่บนผนังได้หายไป",พ.ต.ท.หญิงปรีดา ศรีสุข,อยู่ระหว่างสอบสวน,ตรวจสอบรอยนิ้วมือแฝงในที่เกิดเหตุและประสานเจ้าของอพาร์ตเมนต์ขอดูกล้องวงจรปิด
2568-023,2025-01-25,15:30 น.,นางสาวกรรณิกา ใสสะอาด,095-567-8901,ลักทรัพย์,"คอนโดมิเนียม ""เดอะไลฟ์"" อาคาร B ชั้น 15",ข้อมูลไม่เพียงพอที่จะระบุเขต,unknown,"เมื่อวันที่ 2025-01-24 เวลาประมาณ 22:00 น. ถึงเช้าวันที่ 25 ม.ค. นางสาวกรรณิกาถูกคนร้ายงัดแงะห้องพักคอนโดมิเนียม โดยคนร้ายได้ขโมยเครื่องประดับทองคำและนาฬิกาข้อมือยี่ห้อ Rolex มูลค่ารวมประมาณ 300,000 บาท ที่เก็บอยู่ในตู้เสื้อผ้าไป",พ.ต.ท.หญิงปรีดา ศรีสุข,อยู่ระหว่างสอบสวน,ประสานนิติบุคคลคอนโดเพื่อขอดูกล้องวงจรปิดทางเข้าออกและบนชั้น
2568-024,2025-01-28,14:20 น.,นายประพันธ์ อ่อนน้อม,081-000-1111,อุบัติเหตุจราจร,ถนนพระราม 4 ใกล้สามย่านมิตรทาวน์,เขตปทุมวัน,กรุงเทพ,เมื่อวันที่ 2025-01-28 เวลา 14:10 น. รถยนต์ของนายประพันธ์ถูกรถยนต์ที่ขับตามหลังมาชนท้ายอย่างจัง เนื่องจากรถคันหลังเบรกไม่ทัน รถทั้งสองคันได้รับความเสียหายเล็กน้อย ไม่มีผู้บาดเจ็บ,ร.ต.อ.วิชาญ ชัยชนะ,ยุติการสอบสวน,คู่กรณีตกลงค่าเสียหายและเคลียร์กันได้เรียบร้อย
2568-025,2025-01-30,11:00 น.,นายสมคิด สุภาพ,085-444-5555,ของหาย,ท่าอากาศยานสุวรรณภูมิ (อาคารผู้โดยสารขาเข้า),จังหวัดสมุทรปราการ,จังหวัดสมุทรปราการ,เมื่อวันที่ 2025-01-30 เวลา 10:45 น. นายสมคิดทำพาสปอร์ตและกระเป๋าคาดเอวหายขณะรอรับกระเป๋าเดินทาง ภายในมีเงินสกุลต่างประเทศ 500 ดอลลาร์สหรัฐฯ และเอกสารสำคัญส่วนตัว,ร.ต.อ.วิชาญ ชัยชนะ,อยู่ระหว่างสอบสวน,ประสานงานกับฝ่ายรักษาความปลอดภัยสนามบินและตรวจสอบกล้องวงจรปิด
2568-026,2025-02-01,10:00 น.,นายสมศักดิ์ พลเมืองดี,081-111-2222,ฆาตกรรม,บ้านพักอาศัย ซอยสุขุมวิท 71,เขตวัฒนา,กรุงเทพ,เมื่อวันที่ 2025-01-31 เวลาประมาณ 23:00 น. พบศพนายวิชัย นอนเสียชีวิตอยู่ภายในบ้านพัก มีบาดแผลถูกของมีคมแทงหลายแห่ง คาดว่าเสียชีวิตมาแล้วไม่ต่ำกว่า 6 ชั่วโมง เจ้าหน้าที่ตำรวจเข้าตรวจสอบที่เกิดเหตุและเก็บหลักฐาน,ร.ต.อ.วิชาญ ชัยชนะ,อยู่ระหว่างสอบสวน,ส่งศพชันสูตรเพื่อหาสาเหตุการเสียชีวิตและเก็บหลักฐานเพิ่มเติม
2568-027,2025-02-03,14:30 น.,นายพิชิต ชนะเลิศ,092-234-5678,บัญชีม้า,บริษัท เฟิร์ส สตาร์ทอัพ จำกัด อาคาร A ชั้น 5,ข้อมูลไม่เพียงพอที่จะระบุเขต,unknown,"เมื่อวันที่ 2025-01-28 นายพิชิตได้รับการติดต่อผ่านอีเมลจากบุคคลอ้างว่าเป็นตัวแทนบริษัทลงทุนต่างประเทศ หลอกให้ลงทุนในสกุลเงินดิจิทัลปลอม โดยมีการโอนเงินไปจำนวน 150,000 บาท เมื่อครบกำหนดผลตอบแทน ผู้แจ้งความไม่สามารถติดต่อบุคคลดังกล่าวได้อีกและเว็บไซต์ที่ใช้ลงทุนก็ถูกปิดไป",พ.ต.ท.หญิงปรีดา ศรีสุข,อยู่ระหว่างสอบสวน,รวบรวมหลักฐานการติดต่อและสลิปการโอนเงิน
2568-028,2025-02-05,15:40 น.,นางเพ็ญศรี สมัครใจ,092-333-4444,ของหาย,ตลาดนัดจตุจักร โครงการ 12,เขตจตุจักร,กรุงเทพ,"เมื่อวันที่ 2025-02-05 เวลา 15:00 น. นางเพ็ญศรีทำกระเป๋าเงินแบบผ้าสีฟ้าหายขณะเดินซื้อของ ภายในมีเงินสด 5,000 บาท, บัตร ATM, และบัตรเครดิต",พ.ต.ท.หญิงปรีดา ศรีสุข,อยู่ระหว่างสอบสวน,ประสานงานร้านค้าบริเวณที่คาดว่าทำหาย
2568-030,2025-02-09,09:00 น.,นางสาวกมลรัตน์ อ่อนโยน,092-888-9999,ของหาย,"ร้านกาแฟ ""มุมโปรด"" ซอยอารีย์",เขตพญาไท,กรุงเทพ,"เมื่อวันที่ 2025-02-09 เวลา 08:30 น. นางสาวกมลรัตน์วางแท็บเล็ต iPad Air 5 สีฟ้า มูลค่า 20,000 บาท ไว้บนโต๊ะในร้านกาแฟ เมื่อลุกไปเข้าห้องน้ำและกลับมาพบว่าแท็บเล็ตได้หายไปแล้ว",พ.ต.ท.หญิงปรีดา ศรีสุข,อยู่ระหว่างสอบสวน,ประสานงานกับเจ้าของร้านกาแฟเพื่อขอดูกล้องวงจรปิดภายในร้าน
2568-031,2025-02-10,11:00 น.,นางอรุณี แสงดาว,081-000-1111,ลักทรัพย์,ร้านสะดวกซื้อ 7-Eleven สาขาซอย 101/1,เขตพระโขนง,กรุงเทพ,เมื่อวันที่ 2025-02-09 เวลาประมาณ 23:00 น. กล้องวงจรปิดของร้านจับภาพชายคนหนึ่งขโมยสินค้าจำพวกเครื่องดื่มชูกำลังและขนมขบเคี้ยวไปเป็นจำนวนมาก มูลค่ารวมประมาณ 800 บาท ก่อนจะวิ่งหลบหนีออกจากร้านไป,ร.ต.อ.วิชาญ ชัยชนะ,อยู่ระหว่างสอบสวน,ตรวจสอบภาพจากกล้องวงจรปิดเพื่อระบุตัวผู้ต้องสงสัย
2568-032,2025-02-10,11:00 น.,ธนาคารกรุงไทย (โดยนายสุทธิ ผู้จัดการสาขา),02-888-9999,คอมพิวเตอร์,ธนาคารกรุงไทย สาขาลาดพร้าว 101,เขตวังทองหลาง,กรุงเทพ,เมื่อวันที่ 2025-02-09 ระบบ ATM ของธนาคารถูกโจมตีด้วยมัลแวร์ ทำให้เกิดความเสียหายและไม่สามารถให้บริการได้ชั่วคราว มีการถอนเงินผิดปกติจากบัญชีลูกค้าบางราย,พ.ต.ท.หญิงปรีดา ศรีสุข,อยู่ระหว่างสอบสวน,ประสานงานกับผู้เชี่ยวชาญด้านความปลอดภัยทางไซเบอร์เพื่อกู้คืนระบบและติดตามผู้กระทำผิด
2568-034,2025-02-10,09:45 น.,นางอรทัย มีสุข,091-234-5678,ลักทรัพย์,คอนโดมิเนียมสุขสบาย เรสซิเดนซ์ ชั้น 10,ข้อมูลไม่เพียงพอที่จะระบุเขต,unknown,"เมื่อคืนวันที่ 2025-02-09 ระหว่างเวลา 23:00 น. ถึง 07:00 น. ของเช้าวันที่ 2025-02-10 นางอรทัยได้ล็อคห้องพักเพื่อเข้านอน เมื่อตื่นเช้ามาพบว่าหน้าต่างระเบียงห้องถูกงัดแงะ และมีร่องรอยการรื้อค้นภายในห้อง สร้อยคอทองคำหนัก 2 บาท พร้อมจี้เพชร มูลค่าประมาณ 60,000 บาท ได้หายไป",ร.ต.อ.วิชาญ ชัยชนะ,อยู่ระหว่างสอบสวน,ประสานนิติบุคคลคอนโดเพื่อขอดูกล้องวงจรปิดทางเข้าออกและบริเวณใกล้เคียง
2568-035,2025-02-12,11:00 น.,นางสาวดวงใจ มีสุข,085-666-7777,ค้ามนุษย์,โรงพยาบาลเอกชนแห่งหนึ่งในกรุงเทพฯ,ข้อมูลไม่เพียงพอที่จะระบุเขต,unknown,เมื่อวันที่ 2025-02-11 นางสาวดวงใจแจ้งว่าน้องสาวของเธอ (อายุ 17 ปี) ถูกนายหน้าหลอกไปทำงานต่างประเทศ โดยอ้างว่าเป็นงานรายได้ดี แต่เมื่อไปถึงกลับถูกบังคับให้ค้าประเวณีและยึดหนังสือเดินทางไว้ทั้งหมด,ร.ต.อ.วิชาญ ชัยชนะ,อยู่ระหว่างสอบสวน,ประสานงานกับหน่วยงานที่เกี่ยวข้องเพื่อช่วยเหลือเหยื่อและติดตามตัวผู้กระทำผิด
2568-036,2025-02-12,09:30 น.,นางสาวดวงพร สว่าง,061-999-0000,ความผิดเกี่ยวกับเพศ,โรงแรมแห่งหนึ่ง ย่านสยาม,เขตปทุมวัน,กรุงเทพ,เมื่อวันที่ 2025-02-11 เวลาประมาณ 23:00 น. นางสาวดวงใจถูกชายแปลกหน้าพยายามล่วงละเมิดทางเพศขณะเดินทางกลับจากสถานบันเทิง,ร.ต.อ.วิชาญ ชัยชนะ,อยู่ระหว่างสอบสวน,ตรวจสอบกล้องวงจรปิดในบริเวณและระบุตัวผู้ต้องสงสัย
2568-038,2025-02-15,14:10 น.,นายสุเทพ แสนสุข,092-234-5678,บัญชีม้า,สถานีบริการน้ำมัน ปตท. สาขาแจ้งวัฒนะ,เขตหลักสี่,กรุงเทพ,"เมื่อวันที่ 2025-02-14 นายสุเทพได้รับข้อความ SMS อ้างว่าได้รับรางวัลใหญ่จากธนาคาร และให้คลิกลิงก์เพื่อรับรางวัล เมื่อคลิกแล้วถูกหลอกให้กรอกข้อมูลส่วนตัวและรหัส OTP ทำให้เงินในบัญชีถูกโอนออกไป 120,000 บาท",พ.ต.ท.หญิงปรีดา ศรีสุข,อยู่ระหว่างสอบสวน,รวบรวมหลักฐานข้อความ SMS และบันทึกการทำธุรกรรม
2568-039,2025-02-16,10:00 น.,นางสาวสุภาภรณ์ ใจดี,061-666-7777,ความผิดเกี่ยวกับเพศ,บ้านพัก ซอยสุขุมวิท 24,เขตคลองเตย,กรุงเทพ,เมื่อวันที่ 2025-02-15 เวลาประมาณ 23:00 น. นางสาวสุภาภรณ์ถูกชายแปลกหน้าพยายามล่วงละเมิดทางเพศขณะเดินทางกลับบ้าน แต่เธอวิ่งหนีและขอความช่วยเหลือจากชาวบ้านได้ทัน,ร.ต.อ.วิชาญ ชัยชนะ,อยู่ระหว่างสอบสวน,สอบปากคำพยานและตรวจสอบกล้องวงจรปิดบริเวณใกล้เคียง
2568-040,2025-02-18,15:00 น.,นางสาวมาลัย ชัยชนะ,090-555-6666,ฉ้อโกง,ตลาดนัดกลางคืน หน้าเซ็นทรัลลาดพร้าว,เขตจตุจักร,กรุงเทพ,"เมื่อวันที่ 2025-02-17 นางสาวมาลัยถูกหญิงคนหนึ่งหลอกให้ซื้อสินค้าปลอม (เสื้อผ้าแบรนด์เนมเลียนแบบ) ในราคาสูงถึง 8,000 บาท โดยอ้างว่าเป็นของแท้ลดราคา เมื่อนำไปตรวจสอบพบว่าเป็นของปลอมคุณภาพต่ำ",พ.ต.ท.หญิงปรีดา ศรีสุข,อยู่ระหว่างสอบสวน,สอบปากคำพยานและตรวจสอบกล้องวงจรปิดในบริเวณตลาด
2568-041,2025-02-18,13:00 น.,นางสุภาวดี ชื่นบาน,092-666-7777,ลักทรัพย์,ห้างสรรพสินค้าเมกาบางนา (แผนกเครื่องสำอาง),จังหวัดสมุทรปราการ,จังหวัดสมุทรปราการ,"เมื่อวันที่ 2025-02-18 เวลา 12:45 น. นางสุภาวดีทำกระเป๋าถือยี่ห้อ Prada มูลค่า 50,000 บาท หายขณะเลือกซื้อสินค้า ภายในมีเงินสด 10,000 บาท, บัตร ATM, และบัตรเครดิต",พ.ต.ท.หญิงปรีดา ศรีสุข,อยู่ระหว่างสอบสวน,ประสานงานร้านค้าบริเวณที่คาดว่าทำหายและตรวจสอบกล้องวงจรปิด
2568-042,2025-02-18,08:00 น.,นางสาวกนกวรรณ ศิริชัย,063-234-5678,อุบัติเหตุจราจร,ถนนสุขุมวิท ซอย 22,เขตคลองเตย,กรุงเทพ,เมื่อวันที่ 2025-02-18 เวลา 07:45 น. รถยนต์ของนางสาวกนกวรรณถูกรถจักรยานยนต์ที่ขับขี่มาด้วยความเร็วสูงชนท้ายอย่างรุนแรง ทำให้รถยนต์ของเธอได้รับความเสียหายที่ท้ายรถอย่างมาก ส่วนคนขับจักรยานยนต์ได้รับบาดเจ็บสาหัส,ร.ต.อ.วิชาญ ชัยชนะ,อยู่ระหว่างสอบสวน,ส่งศพชันสูตร (หากมีผู้เสียชีวิต) และตรวจสอบกล้องวงจรปิดบริเวณที่เกิดเหตุ
2568-043,2025-02-20,14:00 น.,นายวิรัช พัฒนา,085-333-4444,ลักทรัพย์,"บริษัท ""เทคโนโลยีล้ำสมัย"" อาคาร C ชั้น 10",ข้อมูลไม่เพียงพอที่จะระบุเขต,unknown,"เมื่อวันที่ 2025-02-19 เวลาประมาณ 20:00 น. ถึง 07:00 น. ของเช้าวันที่ 20 ก.พ. คอมพิวเตอร์ตั้งโต๊ะยี่ห้อ HP พร้อมจอภาพ จำนวน 3 ชุด มูลค่ารวม 75,000 บาท ได้หายไปจากสำนักงาน คาดว่าคนร้ายเข้ามาทางช่องระบายอากาศด้านหลังอาคาร",ร.ต.อ.วิชาญ ชัยชนะ,อยู่ระหว่างสอบสวน,ตรวจสอบระบบรักษาความปลอดภัยของอาคารและกล้องวงจรปิด
2568-044,2025-02-20,16:30 น.,นางสาวอารยา แสงทอง,081-222-3333,ลักทรัพย์,"ร้านทอง ""ทองดีมีสุข"" ย่านบางกะปิ",เขตบางกะปิ,กรุงเทพ,"เมื่อวันที่ 2025-02-20 เวลา 16:20 น. ชายคนหนึ่งทำทีเข้ามาเลือกซื้อทองคำ ก่อนจะฉกสร้อยคอทองคำหนัก 5 บาท มูลค่าประมาณ 150,000 บาท จากตู้โชว์และวิ่งหลบหนีไปอย่างรวดเร็ว",ร.ต.อ.วิชาญ ชัยชนะ,อยู่ระหว่างสอบสวน,ตรวจสอบกล้องวงจรปิดภายในร้านและบริเวณโดยรอบ
2568-045,2025-02-22,16:00 น.,นางสาวกิติยา ภักดี,090-000-1111,อุบัติเหตุจราจร,ซอยลาดพร้าว 71 (ใกล้ร้านสะดวกซื้อ),เขตลาดพร้าว,กรุงเทพ,เมื่อวันที่ 2025-02-22 เวลา 15:50 น. นางสาวกิติยาขับรถยนต์ถูกรถจักรยานยนต์ที่ขับสวนเลนมาพุ่งชนบริเวณด้านหน้าอย่างจัง รถจักรยานยนต์ได้รับความเสียหายหนัก ส่วนรถยนต์ของนางสาวกิติยาได้รับความเสียหายที่กันชนหน้า คนขับจักรยานยนต์บาดเจ็บสาหัส,พ.ต.ท.หญิงปรีดา ศรีสุข,อยู่ระหว่างสอบสวน,ส่งเรื่องให้หน่วยพิสูจน์หลักฐานและรอผลชันสูตรพลิกศพของคู่กรณี
2568-046,2025-02-22,14:00 น.,นายสมชาย ใจบุญ,092-666-7777,อุบัติเหตุจราจร,ถนนพระราม 9 (ขาออก),"ผ่าน เขตห้วยขวาง, เขตสวนหลวง",unknown,เมื่อวันที่ 2025-02-22 เวลา 13:45 น. รถยนต์ของนายสมชายถูกรถจักรยานยนต์ที่ขับขี่มาด้วยความเร็วสูงชนท้ายอย่างแรง ทำให้รถยนต์ของเขาได้รับความเสียหายที่ท้ายรถอย่างมาก ส่วนคนขับจักรยานยนต์ได้รับบาดเจ็บสาหัส,ร.ต.อ.วิชาญ ชัยชนะ,อยู่ระหว่างสอบสวน,ส่งศพชันสูตร (หากมีผู้เสียชีวิต) และตรวจสอบกล้องวงจรปิดบริเวณที่เกิดเหตุ
2568-048,2025-02-28,17:10 น.,นายมนตรี ใจซื่อ,096-890-1234,อุบัติเหตุจราจร,ถนนพระราม 9 ใกล้แยกผังเมือง,เขตห้วยขวาง,กรุงเทพ,เมื่อวันที่ 2025-02-28 เวลาประมาณ 16:55 น. นายมนตรีขับรถยนต์ชนท้ายรถแท็กซี่ที่จอดติดไฟแดงอย่างกระทันหัน เนื่องจากเบรคไม่ทัน รถแท็กซี่ได้รับความเสียหายที่ท้ายรถเล็กน้อย แต่ไม่มีผู้ใดได้รับบาดเจ็บ,พ.ต.ท.หญิงปรีดา ศรีสุข,อยู่ระหว่างสอบสวน,รวบรวมเอกสารการทำประกันภัยรถยนต์ของทั้งสองฝ่ายเพื่อพิจารณาค่าเสียหาย
2568-049,2025-02-28,17:00 น.,นางสาวสมศรี มีสุข,092-000-1111,ค้ามนุษย์,สถานีรถไฟหัวลำโพง,เขตปทุมวัน,กรุงเทพ,เมื่อวันที่ 2025-02-27 นางสาวสมศรีแจ้งว่าบุตรชาย (อายุ 16 ปี) ถูกกลุ่มบุคคลชักชวนให้ไปทำงานประมงผิดกฎหมายในต่างประเทศ และไม่สามารถติดต่อได้อีก,ร.ต.อ.วิชาญ ชัยชนะ,อยู่ระหว่างสอบสวน,ประสานงานกับหน่วยงานที่เกี่ยวข้องเพื่อช่วยเหลือเหยื่อและติดตามตัวผู้กระทำผิด
2568-050,2025-02-28,11:00 น.,นายบุญช่วย กำลังใจ,061-333-4444,อุบัติเหตุจราจร,ถนนพหลโยธิน ซอย 32,เขตจตุจักร,กรุงเทพ,เมื่อวันที่ 2025-02-28 เวลา 10:50 น. รถยนต์ของนายบุญช่วยถูกรถเก๋งที่ขับเปลี่ยนเลนกะทันหันพุ่งชนด้านข้างอย่างจัง ทำให้รถทั้งสองได้รับความเสียหาย นายบุญช่วยได้รับบาดเจ็บเล็กน้อยจากแรงกระแทก,พ.ต.ท.หญิงปรีดา ศรีสุข,อยู่ระหว่างสอบสวน,รอผลการสอบสวนเพิ่มเติมจากพนักงานสอบสวน
2568-052,2025-02-28,14:00 น.,บริษัท ซอฟต์แวร์ดีเวลลอปเมนท์ จำกัด (โดยนายสมชาย ผู้จัดการ),02-890-1234,คอมพิวเตอร์,สำนักงานบริษัท ย่านอโศก,เขตวัฒนา,กรุงเทพ,"เมื่อวันที่ 2025-02-27 ระบบคอมพิวเตอร์ของบริษัทถูกแฮกเกอร์โจมตี ทำให้ข้อมูลลูกค้ากว่า 20,000 รายการถูกขโมยไป และระบบบางส่วนถูกเข้ารหัสเรียกค่าไถ่เป็นจำนวนมาก",พ.ต.ท.หญิงปรีดา ศรีสุข,อยู่ระหว่างสอบสวน,ประสานงานกับกองบังคับการปราบปรามการกระทำความผิดเกี่ยวกับอาชญากรรมทางเทคโนโลยี (ปอท.) เพื่อกู้คืนระบบและติดตามผู้กระทำผิด
2568-053,2025-03-01,18:20 น.,นายธนากร เลิศลบ,063-000-1111,ทำร้ายร่างกาย,ลานจอดรถสวนสาธารณะแห่งหนึ่งในกรุงเทพฯ,ข้อมูลไม่เพียงพอที่จะระบุเขต,unknown,เมื่อวันที่ 2025-03-01 เวลา 18:10 น. นายธนากรถูกชายไม่ทราบชื่อ (ประมาณ 2 คน) เข้ามาทำร้ายร่างกายด้วยการชกต่อยและเตะ หลังจากการวิ่งออกกำลังกาย โดยไม่ทราบสาเหตุ นายธนากรได้รับบาดเจ็บฟกช้ำตามใบหน้าและแขน,ร.ต.อ.วิชาญ ชัยชนะ,อยู่ระหว่างสอบสวน,ตรวจสอบกล้องวงจรปิดบริเวณทางเข้าออกสวนสาธารณะและสอบปากคำพยานที่อาจเห็นเหตุการณ์
2568-055,2025-03-01,14:00 น.,นางสาวรัตนาพร รุ่งเรือง,090-234-5678,ค้ามนุษย์,สถานีขนส่งผู้โดยสารกรุงเทพฯ (หมอชิต),เขตจตุจักร,กรุงเทพ,เมื่อวันที่ 2025-02-28 นางสาวรัตนาพรแจ้งว่าบุตรชาย (อายุ 17 ปี) ถูกกลุ่มบุคคลชักชวนให้ไปทำงานเป็นเด็กเสิร์ฟในร้านอาหารต่างประเทศ แต่มีพฤติกรรมน่าสงสัยว่าอาจถูกบังคับค้าประเวณี,ร.ต.อ.วิชาญ ชัยชนะ,อยู่ระหว่างสอบสวน,ประสานงานกับหน่วยงานที่เกี่ยวข้องเพื่อช่วยเหลือเหยื่อและติดตามตัวผู้กระทำผิด
2568-056,2025-03-01,14:00 น.,นายสมศักดิ์ ชัยชนะ,081-123-4567,ทะเลาะวิวาท,"ร้านอาหาร ""ครัวคุณยาย"" ซอยเอกมัย 12",เขตวัฒนา,กรุงเทพ,เมื่อวันที่ 2025-02-28 เวลาประมาณ 20:30 น. นายสมศักดิ์มีปากเสียงกับลูกค้าชายคนหนึ่ง (ไม่ทราบชื่อ) เรื่องการเสิร์ฟอาหารไม่ตรงตามสั่ง การโต้เถียงบานปลายจนมีการปะทะคารมอย่างรุนแรง ทำให้ลูกค้าคนดังกล่าวลุกขึ้นมาทุบโต๊ะและขว้างปาจานแตกหลายใบ,ร.ต.อ.วิชาญ ชัยชนะ,อยู่ระหว่างสอบสวน,ตรวจสอบกล้องวงจรปิดในร้านและสอบปากคำพยาน
2568-057,2025-03-02,18:00 น.,นายสุเทพ บุญมี,090-999-0000,ฆาตกรรม,บ้านพัก ซอยรามคำแหง 24,เขตบางกะปิ,กรุงเทพ,เมื่อวันที่ 2025-03-01 เวลาประมาณ 20:00 น. นายสุเทพพบศพภรรยาของตนเองนอนเสียชีวิตอยู่ภายในห้องนอน มีร่องรอยการถูกบีบคอ คาดว่าเสียชีวิตมาแล้วไม่ต่ำกว่า 10 ชั่วโมง เจ้าหน้าที่ตำรวจเข้าตรวจสอบที่เกิดเหตุ,พ.ต.ท.หญิงปรีดา ศรีสุข,อยู่ระหว่างสอบสวน,ส่งศพชันสูตรเพื่อหาสาเหตุการเสียชีวิตและเก็บหลักฐานในที่เกิดเหตุ
2568-058,2025-03-03,11:40 น.,นางสาวรัชนี วันดี,063-345-6789,ของหาย,ป้ายรถเมล์หน้าโรงพยาบาลพระมงกุฎเกล้า,เขตราชเทวี,กรุงเทพ,"เมื่อวันที่ 2025-03-03 เวลาประมาณ 11:30 น. นางสาวรัชนีทำกระเป๋าสตางค์สีแดงหายขณะรอรถเมล์ ภายในมีบัตรประชาชน, บัตร ATM, และเงินสดประมาณ 2,000 บาท เธอได้เดินหาบริเวณดังกล่าวแล้วแต่ไม่พบ",ร.ต.อ.วิชาญ ชัยชนะ,อยู่ระหว่างสอบสวน,ประสานหน่วยงานที่ดูแลกล้องวงจรปิดในพื้นที่
2568-059,2025-03-05,14:30 น.,กรมสอบสวนคดีพิเศษ (DSI),02-123-4567,ค้ามนุษย์,โรงงานร้างแห่งหนึ่งในจังหวัดสมุทรปราการ,จังหวัดสมุทรปราการ,จังหวัดสมุทรปราการ,เมื่อวันที่ 2025-03-04 เจ้าหน้าที่ DSI เข้าตรวจค้นโรงงานร้าง พบแรงงานต่างด้าวจำนวน 15 คน ถูกกักขังและบังคับใช้แรงงานโดยไม่ได้รับค่าจ้างตามกฎหมาย และถูกยึดเอกสารประจำตัวไว้ทั้งหมด มีผู้ต้องสงสัยเป็นนายหน้าชาวไทย 2 คน,พ.ต.ท.หญิงปรีดา ศรีสุข,อยู่ระหว่างสอบสวน,ช่วยเหลือเหยื่อและรวบรวมพยานหลักฐานเพื่อดำเนินคดีกับผู้กระทำผิด
2568-061,2025-03-05,09:30 น.,นางสาวดวงพร มีชัย,088-444-5555,ฉ้อโกง,ธนาคารกรุงเทพ สาขาสยามสแควร์,เขตปทุมวัน,กรุงเทพ,"เมื่อวันที่ 2025-03-04 นางสาวดวงพรถูกมิจฉาชีพหลอกให้ติดตั้งแอปพลิเคชันปลอมของธนาคาร ทำให้ข้อมูลบัญชีและรหัสผ่านถูกขโมยไป และเงินในบัญชีถูกถอนออกไป 250,000 บาท",ร.ต.อ.วิชาญ ชัยชนะ,อยู่ระหว่างสอบสวน,อายัดบัญชีปลายทางและรวบรวมหลักฐานทางดิจิทัล
2568-062,2025-03-05,10:00 น.,นางสาวกนกพร มีชัย,081-567-8901,อุบัติเหตุจราจร,ถนนรัชดาภิเษก (ขาเข้า),ข้อมูลไม่เพียงพอที่จะระบุเขต,unknown,เมื่อวันที่ 2025-03-05 เวลา 09:45 น. รถยนต์ของนางสาวกนกพรถูกรถจักรยานยนต์ตัดหน้ากะทันหัน ทำให้เฉี่ยวชนกันเล็กน้อย รถจักรยานยนต์ล้ม คนขับบาดเจ็บเล็กน้อย นางสาวกนกพรจอดรถลงมาช่วยเหลือและเรียกประกัน,ร.ต.อ.วิชาญ ชัยชนะ,ยุติการสอบสวน,คู่กรณีตกลงไม่ติดใจเอาความหลังตกลงค่าเสียหายแล้ว
2568-064,2025-03-05,09:00 น.,บริษัท โชคดีขนส่ง จำกัด (โดยนายบัญชา ผู้นำ),02-888-9999,ลักทรัพย์,โกดังเก็บสินค้า ถนนบางนา-ตราด กม.10,จังหวัดสมุทรปราการ,จังหวัดสมุทรปราการ,"เมื่อวันที่ 2025-03-05 เวลาประมาณ 08:30 น. พนักงานของบริษัท โชคดีขนส่ง จำกัด ได้ตรวจพบว่าพัสดุจำนวน 20 กล่อง ซึ่งบรรจุสินค้าอิเล็กทรอนิกส์ (หูฟังไร้สายยี่ห้อดัง) มูลค่ารวมประมาณ 150,000 บาท ได้หายไปจากโกดังเก็บสินค้า พัสดุดังกล่าวเตรียมรอการจัดส่งให้กับลูกค้า แต่เมื่อตรวจสอบพบว่าจำนวนไม่ตรงตามบันทึกการรับเข้า และมีร่องรอยการงัดแงะที่ประตูหลังโกดังเล็กน้อย คาดว่าถูกลักไปในช่วงกลางคืน",พ.ต.ท.หญิงปรีดา ศรีสุข,อยู่ระหว่างสอบสวน,"ตรวจสอบบันทึกการเข้าออกโกดัง, กล้องวงจรปิด, และสอบปากคำพนักงานที่เกี่ยวข้อง"
2568-065,2025-03-07,10:00 น.,นายประทีป อรุณ,086-678-9012,ฉ้อโกง,ตลาดสดมหานาค,เขตดุสิต,กรุงเทพ,"เมื่อวันที่ 2025-03-06 นายประทีปถูกหญิงสูงอายุคนหนึ่งหลอกขายพระเครื่องปลอม โดยอ้างว่าเป็นพระเครื่องเก่าแก่หายาก มีพุทธคุณสูง และเรียกร้องเงินสูงถึง 50,000 บาท เมื่อนำพระเครื่องไปตรวจสอบกับผู้เชี่ยวชาญจึงพบว่าเป็นของเก๊",ร.ต.อ.วิชาญ ชัยชนะ,อยู่ระหว่างสอบสวน,สอบปากคำพยานและตรวจสอบกล้องวงจรปิดในบริเวณตลาด
2568-066,2025-03-08,08:15 น.,นายชูชีพ เกิดใหม่,063-444-5555,ลักทรัพย์,ร้านทองเยาวราช ถนนเยาวราช,เขตสัมพันธวงศ์,กรุงเทพ,เมื่อวันที่ 2025-03-08 เวลา 08:05 น. ชายคนหนึ่งวิ่งราวสร้อยคอทองคำหนัก 2 บาท จากหน้าร้านทองไปต่อหน้าพนักงานขาย นายชูชีพซึ่งเป็นเจ้าของร้านได้พยายามวิ่งตามแต่ไม่ทัน,ร.ต.อ.วิชาญ ชัยชนะ,อยู่ระหว่างสอบสวน,ตรวจสอบกล้องวงจรปิดหน้าร้านและเส้นทางหลบหนี
2568-068,2025-03-08,08:30 น.,นางประภาศรี สุขสบาย,063-777-8888,ลักทรัพย์,"ร้านทอง ""ทองเยาวราช"" ย่านบางลำพู",เขตพระนคร,กรุงเทพ,เมื่อวันที่ 2025-03-08 เวลา 08:20 น. ชายคนหนึ่งวิ่งราวสร้อยคอทองคำหนัก 2 บาท จากหน้าร้านทองไปต่อหน้าพนักงานขาย นางประภาศรีซึ่งเป็นเจ้าของร้านได้พยายามวิ่งตามแต่ไม่ทัน,พ.ต.ท.หญิงปรีดา ศรีสุข,อยู่ระหว่างสอบสวน,ตรวจสอบกล้องวงจรปิดหน้าร้านและเส้นทางหลบหนี
2568-069,2025-03-10,09:15 น.,นายสมคิด ตั้งใจ,063-345-6789,ลักทรัพย์,บ้านเลขที่ 88/11 หมู่บ้านประภัสสร,ข้อมูลไม่เพียงพอที่จะระบุเขต,unknown,"เมื่อวันที่ 2025-03-09 เวลาประมาณ 02:00 น. นายสมคิดตื่นขึ้นมาได้ยินเสียงแปลกๆ ที่ชั้นล่าง เมื่อลงมาตรวจสอบพบว่าประตูหลังบ้านถูกงัดแงะ และจักรยานเสือภูเขายี่ห้อ Giant มูลค่า 35,000 บาท ที่จอดอยู่ในโรงจอดรถได้หายไป คาดว่าคนร้ายเข้ามาทางประตูหลังบ้านแล้วขนจักรยานออกไป",ร.ต.อ.วิชาญ ชัยชนะ,อยู่ระหว่างสอบสวน,ตรวจสอบกล้องวงจรปิดในหมู่บ้านและบริเวณใกล้เคียง
2568-070,2025-03-10,08:30 น.,นายสุรศักดิ์ ใจดี,063-111-2222,อุบัติเหตุจราจร,ถนนพหลโยธิน (ขาออก),ข้อมูลไม่เพียงพอที่จะระบุเขต,unknown,เมื่อวันที่ 2025-03-10 เวลา 08:15 น. รถยนต์ของนายสุรศักดิ์ถูกรถกระบะที่ขับตามหลังมาชนท้ายอย่างแรง ทำให้รถยนต์ของเขาได้รับความเสียหายที่ท้ายรถอย่างมาก ไม่มีผู้บาดเจ็บรุนแรง,พ.ต.ท.หญิงปรีดา ศรีสุข,อยู่ระหว่างสอบสวน,รอผลการเจรจาค่าเสียหายจากบริษัทประกันภัย
2568-071,2025-03-10,14:30 น.,ป.ป.ส.,02-111-2222,ยาเสพติด,โกดังร้างแห่งหนึ่งในจังหวัดนนทบุรี,จังหวัดนนทบุรี,จังหวัดนนทบุรี,เมื่อวันที่ 2025-03-09 เจ้าหน้าที่ ป.ป.ส. เข้าตรวจค้นโกดังร้าง พบเฮโรอีนจำนวน 20 กิโลกรัม ซุกซ่อนในกระสอบปุ๋ย และเครื่องอัดบรรจุยาเสพติด ผู้ต้องหาชาย 3 ราย ถูกจับกุมในที่เกิดเหตุ,พ.ต.ท.หญิงปรีดา ศรีสุข,อยู่ระหว่างสอบสวน,ขยายผลและติดตามเครือข่ายยาเสพติดรายใหญ่
2568-072,2025-03-12,10:40 น.,นายบุญส่ง เกิดผล,061-666-7777,อุบัติเหตุจราจร,ถนนพหลโยธิน ซอย 5,เขตพญาไท,กรุงเทพ,เมื่อวันที่ 2025-03-12 เวลา 10:30 น. นายบุญส่งขับรถยนต์ถูกรถจักรยานยนต์ที่ขับมาจากซอยชนบริเวณด้านข้าง คนขับจักรยานยนต์บาดเจ็บเล็กน้อย รถทั้งสองคันได้รับความเสียหายเล็กน้อย,ร.ต.อ.วิชาญ ชัยชนะ,อยู่ระหว่างสอบสวน,รอผลการเจรจาค่าเสียหายจากประกัน
2568-073,2025-03-15,16:20 น.,นายศักดิ์ชัย มั่นคง,092-222-3333,อุบัติเหตุจราจร,ถนนวิภาวดีรังสิต ขาเข้า (ใกล้แยกสุทธิสาร),เขตพญาไท,กรุงเทพ,เมื่อวันที่ 2025-03-15 เวลาประมาณ 16:00 น. รถยนต์ของนายศักดิ์ชัยถูกรถแท็กซี่ที่ขับตามมาชนท้ายอย่างจัง เนื่องจากแท็กซี่ขับขี่มาด้วยความเร็วสูงและเบรกไม่ทัน รถทั้งสองคันได้รับความเสียหายเล็กน้อยถึงปานกลาง ไม่มีผู้บาดเจ็บรุนแรง,พ.ต.ท.หญิงปรีดา ศรีสุข,อยู่ระหว่างสอบสวน,รอผลการเจรจาค่าเสียหายจากบริษัทประกันภัย
2568-074,2025-03-15,14:00 น.,กองบังคับการตำรวจนครบาล,02-000-1111,ยาเสพติด,ชุมชนแออัดแห่งหนึ่งในเขตห้วยขวาง,เขตห้วยขวาง,กรุงเทพ,"เมื่อวันที่ 2025-03-14 เจ้าหน้าที่ตำรวจเข้าตรวจค้นชุมชนแออัด พบแหล่งมั่วสุมยาเสพติดและยาบ้าจำนวน 20,000 เม็ด พร้อมจับกุมผู้เสพและผู้ค้ารายย่อยได้หลายราย",พ.ต.ท.หญิงปรีดา ศรีสุข,อยู่ระหว่างสอบสวน,ขยายผลและติดตามเครือข่ายยาเสพติดในชุมชน
2568-075,2025-03-18,15:00 น.,นายสุชาติ พลเมืองดี,090-777-8888,ฆาตกรรม,บ้านร้างท้ายซอยสุขุมวิท 101,เขตบางนา,กรุงเทพ,เมื่อวันที่ 2025-03-17 เวลาประมาณ 17:00 น. ชาวบ้านพบศพชายไม่ทราบชื่อถูกทิ้งไว้ในบ้านร้าง มีร่องรอยการถูกทำร้ายร่างกายอย่างรุนแรง และมีบาดแผลฉกรรจ์ที่ศีรษะ,พ.ต.ท.หญิงปรีดา ศรีสุข,อยู่ระหว่างสอบสวน,ส่งศพชันสูตรและเก็บหลักฐานในที่เกิดเหตุเพื่อระบุตัวผู้เสียชีวิตและคนร้าย
2568-076,2025-03-20,15:30 น.,กองบังคับการสืบสวนสอบสวนอาชญากรรมทางเทคโนโลยี (บช.สอท.),02-777-8888,ยาเสพติด,สำนักงาน บช.สอท.,จังหวัดนนทบุรี,จังหวัดนนทบุรี,เมื่อวันที่ 2025-03-19 เจ้าหน้าที่ บช.สอท. ตรวจพบการลักลอบจำหน่ายยาเสพติดผ่านแพลตฟอร์มออนไลน์ โดยมีการใช้สกุลเงินดิจิทัลในการซื้อขาย,พ.ต.ท.หญิงปรีดา ศรีสุข,อยู่ระหว่างสอบสวน,รวบรวมหลักฐานทางดิจิทัลและติดตามตัวผู้กระทำผิด
2568-077,2025-03-20,10:00 น.,นายตำรวจ (ไม่ประสงค์ออกนาม),-,อาวุธปืน,ด่านตรวจท่าเรือคลองเตย,เขตคลองเตย,กรุงเทพ,เมื่อวันที่ 2025-03-20 เวลา 09:30 น. เจ้าหน้าที่ประจำด่านตรวจพบอาวุธปืนพกสั้นไม่ได้รับอนุญาต จำนวน 5 กระบอก ซุกซ่อนในเรือประมง ผู้ต้องหา 2 ราย ถูกจับกุม,ร.ต.อ.วิชาญ ชัยชนะ,อยู่ระหว่างสอบสวน,ตรวจสอบประวัติอาชญากรรมของผู้ต้องหาและแหล่งที่มาของอาวุธปืน
2568-078,2025-03-25,11:15 น.,นางสาวอุษา รุ่งอรุณ,090-555-6666,ฉ้อโกง,ตลาดสดปากน้ำ,จังหวัดสมุทรปราการ,จังหวัดสมุทรปราการ,"เมื่อวันที่ 2025-03-24 นางสาวอุษาถูกหญิงสูงอายุคนหนึ่งหลอกขายสินค้าสมุนไพรปลอม โดยอ้างสรรพคุณเกินจริงและเรียกเก็บเงินในราคาสูงถึง 10,000 บาท เมื่อนำสมุนไพรไปให้ผู้เชี่ยวชาญตรวจสอบจึงทราบว่าเป็นของปลอม",พ.ต.ท.หญิงปรีดา ศรีสุข,อยู่ระหว่างสอบสวน,สอบปากคำพยานแม่ค้าในตลาดและตรวจสอบกล้องวงจรปิดบริเวณแผงขายของ
2568-079,2025-03-25,10:00 น.,นายวิวัฒน์ เจริญสุข,092-333-4444,บัญชีม้า,บ้านพัก ซอยรามอินทรา 40,เขตบึงกุ่ม,กรุงเทพ,"เมื่อวันที่ 2025-03-22 นายวิวัฒน์ถูกมิจฉาชีพโทรศัพท์มาหลอกว่าได้รับเงินรางวัลจากต่างประเทศ และให้โอนเงินค่าธรรมเนียมเพื่อรับรางวัล เขาหลงเชื่อและโอนเงินไป 50,000 บาท แต่ไม่ได้รับเงินรางวัลตามที่อ้าง",พ.ต.ท.หญิงปรีดา ศรีสุข,อยู่ระหว่างสอบสวน,รวบรวมหลักฐานการโทรศัพท์และสลิปการโอนเงิน
2568-080,2025-03-25,10:00 น.,นายประเสริฐ สุขสบาย,087-345-6789,ลักทรัพย์,"ร้านทอง ""ทองแท้"" ย่านบางกะปิ",เขตบางกะปิ,กรุงเทพ,เมื่อวันที่ 2025-03-25 เวลา 09:45 น. ชายคนหนึ่งวิ่งราวสร้อยคอทองคำหนัก 5 บาท จากหน้าร้านทองไปต่อหน้าพนักงานขาย นายประเสริฐซึ่งเป็นเจ้าของร้านได้พยายามวิ่งตามแต่ไม่ทัน,พ.ต.ท.หญิงปรีดา ศรีสุข,อยู่ระหว่างสอบสวน,ตรวจสอบกล้องวงจรปิดหน้าร้านและเส้นทางหลบหนี
2568-081,2025-03-30,13:00 น.,นายมานพ เที่ยงตรง,061-111-2222,บัญชีม้า,สถาบันสอนภาษาแห่งหนึ่ง ย่านสามย่าน,เขตปทุมวัน,กรุงเทพ,"เมื่อวันที่ 2025-03-28 นายมานพถูกเพื่อนร่วมงาน (นายวิรัช) หลอกให้ร่วมลงทุนในธุรกิจซื้อขายสกุลเงินดิจิทัล โดยอ้างว่าจะได้รับผลตอบแทนสูง แต่เมื่อโอนเงินไป 200,000 บาทแล้ว นายวิรัชก็ขาดการติดต่อไป",ร.ต.อ.วิชาญ ชัยชนะ,อยู่ระหว่างสอบสวน,รวบรวมหลักฐานการสนทนาและสลิปการโอนเงิน
2568-082,2025-04-01,09:45 น.,นางสาวแพรวพรรณรายณ์ วิจิตร,063-444-5555,บัญชีม้า,"คลินิกทันตกรรม ""ยิ้มสวย"" สุขุมวิท 49",เขตวัฒนา,กรุงเทพ,"เมื่อวันที่ 2025-03-28 นางสาวแพรวพรรณรายณ์ถูกมิจฉาชีพโทรศัพท์มาหลอกว่าเป็นเจ้าหน้าที่กรมที่ดิน อ้างว่าที่ดินของเธอมีปัญหาและต้องโอนเงินค่าธรรมเนียมเพื่อดำเนินการแก้ไข เธอหลงเชื่อและโอนเงินไป 25,000 บาท ก่อนจะทราบภายหลังว่าเป็นแก๊งคอลเซ็นเตอร์",ร.ต.อ.วิชาญ ชัยชนะ,อยู่ระหว่างสอบสวน,รวบรวมสลิปการโอนเงินและบันทึกการโทรศัพท์
2568-083,2025-04-01,08:00 น.,นางสาวนงลักษณ์ สุขุม,063-444-5555,แจ้งความเท็จ,โรงเรียนอนุบาลแห่งหนึ่งในกรุงเทพฯ,ข้อมูลไม่เพียงพอที่จะระบุเขต,unknown,นางสาวนงลักษณ์ซึ่งเป็นครูประจำชั้น มาแจ้งความว่าถูกผู้ปกครองนักเรียน (นางสมศรี) แจ้งความเท็จเรื่องการลงโทษนักเรียนเกินกว่าเหตุ ซึ่งไม่เป็นความจริง ทำให้เธอได้รับความเสียหายและเสียชื่อเสียง,ร.ต.อ.วิชาญ ชัยชนะ,อยู่ระหว่างสอบสวน,สอบปากคำนักเรียนและผู้ปกครองที่เกี่ยวข้อง พร้อมตรวจสอบพยานหลักฐานจากกล้องวงจรปิดของโรงเรียน
2568-084,2025-04-02,11:30 น.,ป.ป.ส.,02-555-6666,ยาเสพติด,อาคารพาณิชย์แห่งหนึ่ง ย่านบางซื่อ,เขตบางซื่อ,กรุงเทพ,"เมื่อวันที่ 2025-04-01 เจ้าหน้าที่ ป.ป.ส. เข้าตรวจค้นอาคารพาณิชย์ พบยาบ้าจำนวน 100,000 เม็ด และยาไอซ์ 5 กิโลกรัม พร้อมอุปกรณ์การเสพและบรรจุภัณฑ์ ผู้ต้องหาชาย 1 ราย ถูกจับกุมในที่เกิดเหตุ",พ.ต.ท.หญิงปรีดา ศรีสุข,อยู่ระหว่างสอบสวน,ขยายผลและติดตามเครือข่ายยาเสพติด
2568-085,2025-04-03,09:20 น.,นางสาวเมตตา ดีงาม,088-777-8888,แจ้งความเท็จ,โรงเรียนประถมแห่งหนึ่งในกรุงเทพฯ,ข้อมูลไม่เพียงพอที่จะระบุเขต,unknown,นางสาวเมตตาซึ่งเป็นคุณครู มาแจ้งความว่าถูกผู้ปกครองนักเรียน (นายดำรงค์) แจ้งความเท็จเรื่องการทำร้ายร่างกายนักเรียน ซึ่งไม่เป็นความจริง ทำให้เธอได้รับความเสียหายและเสียชื่อเสียง,พ.ต.ท.หญิงปรีดา ศรีสุข,อยู่ระหว่างสอบสวน,สอบปากคำนักเรียนและผู้ปกครองที่เกี่ยวข้อง พร้อมตรวจสอบพยานหลักฐานจากกล้องวงจรปิดของโรงเรียน
2568-086,2025-04-05,09:30 น.,นางประนอม ศรีสวัสดิ์,089-901-2345,แจ้งความเท็จ,บ้านพักริมน้ำ ซอยวัดอุโมงค์ เชียงใหม่,จังหวัดเชียงใหม่,จังหวัดเชียงใหม่,นางประนอมมาแจ้งความว่าถูกเพื่อนบ้าน (นายดำรงค์) ใส่ร้ายป้ายสีว่าลักลอบทิ้งขยะลงแม่น้ำ ทั้งที่นางประนอมปฏิบัติตามกฎระเบียบอย่างเคร่งครัด การกระทำของนายดำรงค์ทำให้เธอได้รับความเสียหายทางชื่อเสียงในชุมชน,ร.ต.อ.วิชาญ ชัยชนะ,อยู่ระหว่างสอบสวน,สอบปากคำพยานในพื้นที่ และตรวจสอบข้อมูลจากเทศบาลเรื่องการจัดการขยะ
2568-087,2025-04-05,09:10 น.,นางปราณี สงบ,088-222-3333,แจ้งความเท็จ,บ้านพัก หมู่บ้านพฤกษาวิลเลจ ถนนกาญจนาภิเษก,ข้อมูลไม่เพียงพอที่จะระบุเขต,unknown,นางปราณีมาแจ้งความว่าถูกเพื่อนบ้าน (นายดำ) แจ้งความเท็จเรื่องการร้องเรียนเสียงดังรบกวนจากสุนัขของตนเอง ทั้งที่เธอได้พยายามควบคุมและดูแลสุนัขอย่างดีที่สุด และเกรงว่าจะถูกกลั่นแกล้ง,พ.ต.ท.หญิงปรีดา ศรีสุข,อยู่ระหว่างสอบสวน,สอบปากคำคู่กรณีทั้งสองฝ่ายและพยานในพื้นที่
2568-088,2025-04-05,10:00 น.,นางสาววันดี มีสุข,087-888-9999,บัญชีม้า,บ้านพัก ซอยเพชรเกษม 90,เขตบางแค,กรุงเทพ,"เมื่อวันที่ 2025-04-03 นางสาววันดีถูกแก๊งคอลเซ็นเตอร์หลอกว่าบัญชีธนาคารมีปัญหาและต้องโอนเงินเพื่อแก้ไข เธอหลงเชื่อและโอนเงินไป 120,000 บาท",พ.ต.ท.หญิงปรีดา ศรีสุข,อยู่ระหว่างสอบสวน,อายัดบัญชีปลายทางและรวบรวมหลักฐานการสนทนา
2568-089,2025-04-05,14:00 น.,ป.ป.ส.,02-123-4567,ยาเสพติด,อพาร์ตเมนต์แห่งหนึ่ง ย่านบางแค,เขตบางแค,กรุงเทพ,"เมื่อวันที่ 2025-04-04 เจ้าหน้าที่ ป.ป.ส. เข้าตรวจค้นอพาร์ตเมนต์ พบยาบ้าจำนวน 200,000 เม็ด และยาไอซ์ 10 กิโลกรัม พร้อมอุปกรณ์การเสพและบรรจุภัณฑ์ ผู้ต้องหาชาย 2 ราย ถูกจับกุมในที่เกิดเหตุ",พ.ต.ท.หญิงปรีดา ศรีสุข,อยู่ระหว่างสอบสวน,ขยายผลและติดตามเครือข่ายยาเสพติดรายใหญ่
2568-090,2025-04-05,09:00 น.,นายตำรวจ (ไม่ประสงค์ออกนาม),-,อาวุธปืน,ด่านตรวจชายแดน อ.แม่สอด จ.ตาก,จังหวัดตาก,จังหวัดตาก,เมื่อวันที่ 2025-04-05 เวลา 08:30 น. เจ้าหน้าที่ประจำด่านตรวจชายแดนพบอาวุธปืนสงคราม (AK-47) จำนวน 2 กระบอก และเครื่องกระสุนจำนวนมาก ซุกซ่อนในรถบรรทุกสินค้าที่กำลังจะข้ามแดน ผู้ขับขี่ถูกจับกุม,ร.ต.อ.วิชาญ ชัยชนะ,อยู่ระหว่างสอบสวน,ตรวจสอบประวัติอาชญากรรมของผู้ต้องหาและแหล่งที่มาของอาวุธปืน
2568-091,2025-04-05,10:30 น.,นางสาวมาลี รักษา,089-987-6543,ลักทรัพย์,บ้านเลขที่ 123 ถนนสุขุมวิท ซ.10,เขตคลองเตย,กรุงเทพ,"เมื่อวันที่ 2025-04-04 เวลาประมาณ 22:00 น. นางสาวมาลีปิดบ้านพักและออกไปทำธุระ เมื่อกลับมาถึงบ้านในวันที่ 2025-04-05 เวลา 09:00 น. พบว่าประตูหลังบ้านถูกงัดแงะ โน้ตบุ๊กยี่ห้อ Acer มูลค่าประมาณ 20,000 บาท และสร้อยคอทองคำหนัก 1 บาท ได้หายไป",พ.ต.ท.หญิงปรีดา ศรีสุข,อยู่ระหว่างสอบสวน,คาดว่าคนร้ายบุกรุกช่วงกลางคืน ตรวจสอบลายนิ้วมือแฝง
2568-092,2025-04-08,09:00 น.,นายสมบัติ ช่างปืน,087-888-9999,อาวุธปืน,โรงงานผลิตชิ้นส่วนยานยนต์แห่งหนึ่งในจังหวัดชลบุรี,จังหวัดชลบุรี,จังหวัดชลบุรี,เมื่อวันที่ 2025-04-07 นายสมบัติซึ่งเป็นเจ้าของโรงงาน แจ้งว่ามีพนักงานบางคนลักลอบนำชิ้นส่วนมาประกอบเป็นอาวุธปืนเถื่อนภายในโรงงาน,ร.ต.อ.วิชาญ ชัยชนะ,อยู่ระหว่างสอบสวน,ตรวจสอบภายในโรงงานและสอบปากคำพนักงานที่เกี่ยวข้อง
2568-093,2025-04-10,18:00 น.,นายวรวิทย์ แก้วตา,084-456-7890,อุบัติเหตุจราจร,ถนนลาดพร้าว ซอย 8 (ใกล้ร้านอาหาร),เขตจตุจักร,กรุงเทพ,เมื่อวันที่ 2025-04-10 เวลาประมาณ 17:50 น. นายวรวิทย์ขับรถจักรยานยนต์ถูกรถยนต์กระบะสีขาวขับปาดหน้ากะทันหัน ทำให้ต้องเบรกกะทันหันและรถล้มลง ได้รับบาดเจ็บถลอกที่ขาซ้ายเล็กน้อย ส่วนรถกระบะคู่กรณีขับหนีไป,พ.ต.ท.หญิงปรีดา ศรีสุข,อยู่ระหว่างสอบสวน,ตรวจสอบกล้องวงจรปิดในซอยและสอบถามพยานผู้เห็นเหตุการณ์
2568-094,2025-04-10,09:15 น.,นางสาวสุดาพร ใจงาม,063-222-3333,อุบัติเหตุจราจร,ถนนเพชรบุรีตัดใหม่ (ใกล้แยกเอกมัย),เขตวัฒนา,กรุงเทพ,เมื่อวันที่ 2025-04-10 เวลา 09:00 น. รถยนต์ของนางสาวสุดาพรถูกรถจักรยานยนต์ที่ขับขี่มาด้วยความเร็วสูงชนท้ายอย่างจัง ทำให้รถยนต์ของเธอได้รับความเสียหายที่ท้ายรถอย่างมาก ส่วนคนขับจักรยานยนต์ได้รับบาดเจ็บสาหัส,ร.ต.อ.วิชาญ ชัยชนะ,อยู่ระหว่างสอบสวน,รอผลการสอบสวนจากพนักงานสอบสวนและประสานบริษัทประกันภัย
2568-096,2025-04-12,08:50 น.,นายบรรจง เลิศวิชา,088-777-8888,อุบัติเหตุจราจร,ซอยสุขุมวิท 24 (ใกล้ปากซอย),เขตคลองเตย,กรุงเทพ,เมื่อวันที่ 2025-04-12 เวลาประมาณ 08:40 น. รถจักรยานยนต์ของนายบรรจงถูกรถยนต์เก๋งสีดำ (จำทะเบียนไม่ได้) ที่จอดอยู่ริมถนนเปิดประตูโดยไม่ทันระวัง ทำให้รถจักรยานยนต์ชนเข้าที่ประตูและนายบรรจงล้มลงเล็กน้อย รถยนต์คันดังกล่าวได้ขับออกไปอย่างรวดเร็ว,ร.ต.อ.วิชาญ ชัยชนะ,อยู่ระหว่างสอบสวน,ตรวจสอบกล้องวงจรปิดจากอาคารและร้านค้าบริเวณใกล้เคียง
2568-097,2025-04-12,10:30 น.,นายธวัชชัย รุ่งเรือง,087-111-2222,ฆาตกรรม,บ้านพัก ซอยรามคำแหง 118,เขตสะพานสูง,กรุงเทพ,เมื่อวันที่ 2025-04-11 เวลาประมาณ 21:00 น. พบศพนายประพันธ์ นอนเสียชีวิตอยู่ภายในบ้านพัก มีบาดแผลถูกแทงด้วยของมีคมหลายแห่ง คาดว่าเสียชีวิตมาแล้วไม่ต่ำกว่า 12 ชั่วโมง,พ.ต.ท.หญิงปรีดา ศรีสุข,อยู่ระหว่างสอบสวน,ส่งศพชันสูตรเพื่อหาสาเหตุการเสียชีวิตและเก็บหลักฐานเพิ่มเติม
2568-098,2025-04-12,13:00 น.,นายสุรศักดิ์ ใจดี,092-678-9012,ลักทรัพย์,ห้างสรรพสินค้าเซ็นทรัลเวิลด์ (แผนกนาฬิกา),เขตปทุมวัน,กรุงเทพ,"เมื่อวันที่ 2025-04-12 เวลา 12:45 น. นายสุรศักดิ์ทำนาฬิกาข้อมือยี่ห้อ Rolex มูลค่า 300,000 บาท หายขณะเลือกซื้อสินค้า ภายในมีเงินสด 20,000 บาท, บัตรประชาชน, และบัตรเครดิต",พ.ต.ท.หญิงปรีดา ศรีสุข,อยู่ระหว่างสอบสวน,ประสานงานร้านค้าบริเวณที่คาดว่าทำหายและตรวจสอบกล้องวงจรปิด
2568-099,2025-04-14,10:20 น.,นางสาววันเพ็ญ พราวแสง,087-555-6666,บัญชีม้า,บ้านพัก ซอยเพชรเกษม 63,เขตบางแค,กรุงเทพ,"เมื่อวันที่ 2025-04-12 นางสาววันเพ็ญถูกแก๊งคอลเซ็นเตอร์หลอกว่าพัสดุผิดกฎหมาย และต้องโอนเงินเพื่อตรวจสอบบัญชี เธอหลงเชื่อและโอนเงินไป 85,000 บาท",พ.ต.ท.หญิงปรีดา ศรีสุข,อยู่ระหว่างสอบสวน,อายัดบัญชีปลายทางและรวบรวมหลักฐานการสนทนา
2568-100,2025-04-15,10:00 น.,นางสาวปรียาพร พรหมมา,061-000-1111,ลักทรัพย์,ร้านสะดวกซื้อ 7-Eleven สาขาลาดพร้าว 71,เขตลาดพร้าว,กรุงเทพ,"เมื่อวันที่ 2025-04-15 เวลา 09:50 น. ชายคนหนึ่งทำทีเข้ามาซื้อของ ก่อนจะฉกโทรศัพท์มือถือยี่ห้อ Xiaomi 14 Ultra มูลค่า 35,000 บาท จากเคาน์เตอร์และวิ่งหลบหนีไป",ร.ต.อ.วิชาญ ชัยชนะ,อยู่ระหว่างสอบสวน,ตรวจสอบกล้องวงจรปิดของร้านและสอบปากคำพนักงาน
2568-101,2025-04-15,10:30 น.,นายวิชัย เลิศลบ,087-888-9999,บัญชีม้า,บ้านพัก ซอยแจ้งวัฒนะ 14,เขตหลักสี่,กรุงเทพ,"เมื่อวันที่ 2025-04-13 นายวิชัยถูกแก๊งคอลเซ็นเตอร์หลอกว่าเป็นเจ้าหน้าที่ศาล อ้างว่าเขามีคดีติดตัวและต้องโอนเงินเพื่อเคลียร์คดี เขาหลงเชื่อและโอนเงินไป 180,000 บาท",ร.ต.อ.วิชาญ ชัยชนะ,อยู่ระหว่างสอบสวน,อายัดบัญชีปลายทางและรวบรวมหลักฐานการสนทนา
2568-102,2025-04-18,13:20 น.,นางสาววิภาดา รุ่งเรือง,064-789-0123,ของหาย,ศูนย์การค้าเซ็นทรัลเวิลด์,เขตปทุมวัน,กรุงเทพ,"เมื่อวันที่ 2025-04-18 เวลาประมาณ 12:50 น. นางสาววิภาดาทำโทรศัพท์มือถือยี่ห้อ iPhone 15 Pro สีชมพู มูลค่า 45,000 บาท หายไปขณะเดินเลือกซื้อสินค้าในแผนกเครื่องสำอาง เธอได้เดินย้อนกลับไปหาแล้วแต่ไม่พบ",พ.ต.ท.หญิงปรีดา ศรีสุข,อยู่ระหว่างสอบสวน,ประสานเจ้าหน้าที่รักษาความปลอดภัยของห้างเพื่อขอดูกล้องวงจรปิดในโซนดังกล่าว
2568-103,2025-04-18,10:00 น.,นางสาววรรณภา สุขสบาย,087-222-3333,ลักทรัพย์,ร้านเสริมสวยแห่งหนึ่ง ย่านสยาม,เขตปทุมวัน,กรุงเทพ,"เมื่อวันที่ 2025-04-18 เวลา 09:45 น. นางสาววรรณภาวางกระเป๋าถือยี่ห้อ Louis Vuitton มูลค่า 80,000 บาท ไว้บนเก้าอี้ขณะทำผม เมื่อหันกลับมาพบว่ากระเป๋าได้หายไปแล้ว",ร.ต.อ.วิชาญ ชัยชนะ,อยู่ระหว่างสอบสวน,ตรวจสอบกล้องวงจรปิดภายในร้านและสอบปากคำพนักงาน
2568-104,2025-04-18,09:00 น.,นายตำรวจ (ไม่ประสงค์ออกนาม),-,อาวุธปืน,ด่านตรวจทางหลวงหมายเลข 340,ข้อมูลไม่เพียงพอที่จะระบุเขต,unknown,เมื่อวันที่ 2025-04-18 เวลา 08:45 น. เจ้าหน้าที่ประจำด่านตรวจพบอาวุธปืนยาวไม่ได้รับอนุญาต จำนวน 1 กระบอก และเครื่องกระสุนจำนวนมาก ซุกซ่อนอยู่ในรถยนต์ตู้คันหนึ่ง ผู้ขับขี่ถูกจับกุม,ร.ต.อ.วิชาญ ชัยชนะ,อยู่ระหว่างสอบสวน,ตรวจสอบประวัติอาชญากรรมของผู้ต้องหาและแหล่งที่มาของอาวุธปืน
2568-105,2025-04-20,11:50 น.,นางนวลจันทร์ มีทรัพย์,087-111-2222,บัญชีม้า,บริษัท เวิลด์เทค จำกัด (ย่านสาทร),เขตสาทร,กรุงเทพ,"เมื่อวันที่ 2025-04-18 นางนวลจันทร์ได้รับการติดต่อจากบุคคลอ้างว่าเป็นเจ้าหน้าที่บริษัทโทรคมนาคม แจ้งว่าเบอร์โทรศัพท์ของเธอถูกนำไปใช้ในกิจกรรมที่ผิดกฎหมาย และหลอกให้โอนเงินเพื่อยืนยันความบริสุทธิ์ เธอโอนเงินไป 70,000 บาท แต่ภายหลังพบว่าเป็นมิจฉาชีพ",พ.ต.ท.หญิงปรีดา ศรีสุข,อยู่ระหว่างสอบสวน,รวบรวมข้อมูลการโทรและสลิปการโอนเงินเพื่อติดตามบัญชีปลายทาง
2568-106,2025-04-20,10:00 น.,นายสุเทพ ประชาชน,081-111-2222,อาวุธปืน,จุดตรวจความมั่นคง ถนนกาญจนาภิเษก,ข้อมูลไม่เพียงพอที่จะระบุเขต,unknown,เมื่อวันที่ 2025-04-20 เวลา 09:40 น. เจ้าหน้าที่ประจำจุดตรวจพบอาวุธปืนปากกาไม่ได้รับอนุญาต จำนวน 1 กระบอก ซุกซ่อนอยู่ในรถยนต์กระบะ ผู้ขับขี่ถูกจับกุม,ร.ต.อ.วิชาญ ชัยชนะ,อยู่ระหว่างสอบสวน,ตรวจสอบประวัติอาชญากรรมของผู้ต้องหาและแหล่งที่มาของอาวุธปืน
2568-107,2025-04-22,11:40 น.,นางสาวรัตนา หิรัญ,084-456-7890,ทำร้ายร่างกาย,"ร้านเสริมสวย ""สวยเป๊ะเวอร์"" ซอยสุขุมวิท 22",เขตคลองเตย,กรุงเทพ,เมื่อวันที่ 2025-04-21 เวลาประมาณ 19:00 น. นางสาวรัตนาซึ่งเป็นเจ้าของร้านเสริมสวย ถูกลูกค้าหญิงคนหนึ่งทำร้ายร่างกายด้วยการตบตีและดึงผม เนื่องจากไม่พอใจในผลงานการทำสีผม ลูกค้าคนดังกล่าวได้หลบหนีไปหลังก่อเหตุ นางสาวรัตนาได้รับบาดเจ็บที่ใบหน้าและศีรษะ,พ.ต.ท.หญิงปรีดา ศรีสุข,อยู่ระหว่างสอบสวน,สอบปากคำพยานบุคคลในร้านและตรวจสอบภาพจากกล้องวงจรปิดในร้าน
2568-108,2025-04-22,10:00 น.,นายสุเทพ ประเสริฐ,081-111-2222,อาวุธปืน,จุดตรวจความมั่นคง ถนนพุทธมณฑลสาย 2,เขตบางแค,กรุงเทพ,เมื่อวันที่ 2025-04-22 เวลา 09:45 น. เจ้าหน้าที่ประจำจุดตรวจพบอาวุธปืนลูกซองไม่ได้รับอนุญาต จำนวน 1 กระบอก ซุกซ่อนอยู่ในรถยนต์เก๋ง ผู้ขับขี่ถูกจับกุม,ร.ต.อ.วิชาญ ชัยชนะ,อยู่ระหว่างสอบสวน,ตรวจสอบประวัติอาชญากรรมของผู้ต้องหาและแหล่งที่มาของอาวุธปืน
2568-109,2025-04-25,10:40 น.,นายอาทิตย์ ส่องแสง,061-888-9999,ลักทรัพย์,ร้านสะดวกซื้อ FamilyMart สาขาพุทธมณฑลสาย 2,เขตบางแค,กรุงเทพ,"เมื่อวันที่ 2025-04-25 เวลา 10:30 น. ชายคนหนึ่งแต่งกายมิดชิดเข้ามาก่อเหตุวิ่งราวเงินสดจากเคาน์เตอร์แคชเชียร์ไปประมาณ 5,000 บาท ก่อนจะวิ่งหลบหนีไปอย่างรวดเร็ว",ร.ต.อ.วิชาญ ชัยชนะ,อยู่ระหว่างสอบสวน,ตรวจสอบกล้องวงจรปิดของร้านและสอบปากคำพนักงาน
2568-110,2025-04-25,11:30 น.,บริษัท โซลูชั่นไอที จำกัด (โดยนายสมบัติ ผู้จัดการ),02-789-0123,คอมพิวเตอร์,สำนักงานบริษัท ย่านพญาไท,เขตพญาไท,กรุงเทพ,เมื่อวันที่ 2025-04-24 ระบบเซิร์ฟเวอร์ของบริษัทถูกแฮกเกอร์โจมตี ทำให้ข้อมูลลูกค้าและข้อมูลทางธุรกิจเสียหายเป็นจำนวนมาก และระบบล่มไม่สามารถใช้งานได้,พ.ต.ท.หญิงปรีดา ศรีสุข,อยู่ระหว่างสอบสวน,ประสานงานกับกองบังคับการปราบปรามการกระทำความผิดเกี่ยวกับอาชญากรรมทางเทคโนโลยี (ปอท.) เพื่อกู้คืนระบบและติดตามผู้กระทำผิด
2568-111,2025-05-01,09:30 น.,นางสาวดวงพร สุขุม,088-456-7890,ฉ้อโกง,ธนาคารกสิกรไทย สาขาถนนเพชรบุรี,เขตราชเทวี,กรุงเทพ,"เมื่อวันที่ 2025-04-30 นางสาวดวงพรถูกมิจฉาชีพหลอกให้ติดตั้งแอปพลิเคชันปลอมของธนาคาร ทำให้ข้อมูลบัญชีและรหัสผ่านถูกขโมยไป และเงินในบัญชีถูกถอนออกไป 350,000 บาท",ร.ต.อ.วิชาญ ชัยชนะ,อยู่ระหว่างสอบสวน,อายัดบัญชีปลายทางและรวบรวมหลักฐานทางดิจิทัล
2568-113,2025-05-05,09:10 น.,นายสุรศักดิ์ ใจกล้า,096-890-1234,อุบัติเหตุจราจร,ถนนพหลโยธิน ขาเข้า (ใกล้แยกเกษตร),เขตจตุจักร,กรุงเทพ,เมื่อวันที่ 2025-05-05 เวลาประมาณ 09:00 น. นายสุรศักดิ์ขับขี่รถจักรยานยนต์ถูกรถยนต์เก๋งสีบรอนซ์ทอง (จำทะเบียนไม่ได้) ที่ขับมาจากเลนซ้ายสุด พยายามจะเลี้ยวขวากะทันหัน ทำให้รถเฉี่ยวชนกันเล็กน้อย นายสุรศักดิ์ล้มลง แต่ไม่ได้รับบาดเจ็บมาก,ร.ต.อ.วิชาญ ชัยชนะ,อยู่ระหว่างสอบสวน,ตรวจสอบภาพจากกล้องวงจรปิดของ กทม. และร้านค้าบริเวณใกล้เคียง
2568-114,2025-05-05,10:30 น.,นางสาววันดี มีสุข,087-888-9999,บัญชีม้า,บ้านพัก ซอยแจ้งวัฒนะ 14,เขตหลักสี่,กรุงเทพ,"เมื่อวันที่ 2025-05-03 นางสาววันดีถูกแก๊งคอลเซ็นเตอร์หลอกว่าเป็นเจ้าหน้าที่ศาล อ้างว่าเขามีคดีติดตัวและต้องโอนเงินเพื่อเคลียร์คดี เธอหลงเชื่อและโอนเงินไป 180,000 บาท",ร.ต.อ.วิชาญ ชัยชนะ,อยู่ระหว่างสอบสวน,อายัดบัญชีปลายทางและรวบรวมหลักฐานการสนทนา
2568-115,2025-05-07,16:00 น.,นายบุญช่วย มั่นคง,095-567-8901,ของหาย,บริเวณป้ายรถเมล์หน้าห้างสรรพสินค้าเดอะมอลล์บางกะปิ,เขตบางกะปิ,กรุงเทพ,"เมื่อวันที่ 2025-05-07 เวลาประมาณ 15:30 น. นายบุญช่วยได้ทำโทรศัพท์มือถือยี่ห้อ Samsung Galaxy S24 Ultra สีเทา มูลค่าประมาณ 40,000 บาท หายไปขณะรอรถเมล์ที่ป้าย คาดว่าอาจจะตกหล่นหรือถูกขโมยไปขณะที่ไม่ทันระวัง",ร.ต.อ.วิชาญ ชัยชนะ,อยู่ระหว่างสอบสวน,ประสานงานตรวจสอบกล้องวงจรปิดของ กทม. และห้างสรรพสินค้า
2568-116,2025-05-07,13:30 น.,นายวิชัย กำลังใจ,098-999-0000,ทำร้ายร่างกาย,สนามกีฬาไทย-ญี่ปุ่น ดินแดง,เขตดินแดง,กรุงเทพ,เมื่อวันที่ 2025-05-07 เวลาประมาณ 13:15 น. นายวิชัยถูกกลุ่มวัยรุ่น 5 คน (ไม่ทราบชื่อ) รุมทำร้ายร่างกายด้วยการชกต่อยและเตะ หลังมีปากเสียงกันเรื่องการแย่งสนามฟุตบอล นายวิชัยได้รับบาดเจ็บฟกช้ำตามร่างกาย และศีรษะแตกเล็กน้อย,ร.ต.อ.วิชาญ ชัยชนะ,อยู่ระหว่างสอบสวน,ตรวจสอบภาพจากกล้องวงจรปิดของสนามกีฬาและสอบพยานผู้เห็นเหตุการณ์
2568-117,2025-05-08,17:30 น.,นายสุรพล ดีพร้อม,087-555-6666,ลักทรัพย์,ลานจอดรถห้างสรรพสินค้าแฟชั่นไอส์แลนด์,เขตคันนายาว,กรุงเทพ,"เมื่อวันที่ 2025-05-08 เวลา 17:15 น. นายสุรพลกลับมาที่รถยนต์ของตนเองหลังจากการซื้อของ พบว่ากระจกหน้าต่างด้านหลังฝั่งขวาถูกทุบแตก และกระเป๋าสะพายข้างยี่ห้อ Coach ภายในมีเงินสด 8,000 บาท และเอกสารสำคัญ ได้หายไป",พ.ต.ท.หญิงปรีดา ศรีสุข,อยู่ระหว่างสอบสวน,ประสานงานกับเจ้าหน้าที่รักษาความปลอดภัยของห้างเพื่อขอดูกล้องวงจรปิดในลานจอดรถ
2568-118,2025-05-10,13:00 น.,นายเอกชัย ใจดี,087-666-7777,ของหาย,ตลาดนัดรถไฟ ศรีนครินทร์,เขตประเวศ,กรุงเทพ,"เมื่อวันที่ 2025-05-10 เวลาประมาณ 12:30 น. นายเอกชัยทำกระเป๋าสะพายข้างสีน้ำตาลหายขณะเดินซื้อของในตลาด ภายในมีเงินสด 3,000 บาท, บัตร ATM, และเอกสารสำคัญส่วนตัว",พ.ต.ท.หญิงปรีดา ศรีสุข,อยู่ระหว่างสอบสวน,ประสานงานกับฝ่ายรักษาความปลอดภัยของตลาดเพื่อขอดูกล้องวงจรปิด
2568-119,2025-05-10,18:00 น.,นายศุภชัย ก้าวหน้า,093-888-9999,ลักทรัพย์,ลานจอดรถซุปเปอร์มาร์เก็ตแห่งหนึ่ง,ข้อมูลไม่เพียงพอที่จะระบุเขต,unknown,"เมื่อวันที่ 2025-05-10 เวลา 17:45 น. นายศุภชัยกลับมาที่รถยนต์ของตนเองหลังจากการซื้อของ พบว่ากระจกหน้าต่างด้านคนขับถูกทุบแตก และกระเป๋าเอกสารภายในมีโน้ตบุ๊กยี่ห้อ Acer มูลค่า 20,000 บาท ได้หายไป",ร.ต.อ.วิชาญ ชัยชนะ,อยู่ระหว่างสอบสวน,ประสานงานกับเจ้าหน้าที่รักษาความปลอดภัยของซุปเปอร์มาร์เก็ตเพื่อขอดูกล้องวงจรปิดในลานจอดรถ
2568-120,2025-05-10,09:00 น.,นายตำรวจ (ไม่ประสงค์ออกนาม),-,อาวุธปืน,ด่านตรวจความมั่นคง ถนนสายเอเชีย,ข้อมูลไม่เพียงพอที่จะระบุเขต,unknown,เมื่อวันที่ 2025-05-10 เวลา 08:30 น. เจ้าหน้าที่ตำรวจประจำด่านตรวจพบอาวุธปืนพกสั้นไม่ได้รับอนุญาต จำนวน 2 กระบอก และเครื่องกระสุนจำนวนมาก ซุกซ่อนอยู่ในรถยนต์เก๋งคันหนึ่ง ผู้ขับขี่ถูกจับกุม,ร.ต.อ.วิชาญ ชัยชนะ,อยู่ระหว่างสอบสวน,ตรวจสอบประวัติอาชญากรรมของผู้ต้องหาและแหล่งที่มาของอาวุธปืน
2568-121,2025-05-10,10:00 น.,นายสมคิด บุญมา,085-678-9012,ฆาตกรรม,โรงงานผลิตยาแห่งหนึ่งในจังหวัดปทุมธานี,จังหวัดปทุมธานี,จังหวัดปทุมธานี,เมื่อวันที่ 2025-05-09 เวลาประมาณ 23:00 น. พบศพนายบัญชา ซึ่งเป็นพนักงานในโรงงาน เสียชีวิตอยู่ภายในโรงงาน มีบาดแผลถูกยิงด้วยอาวุธปืน,ร.ต.อ.วิชาญ ชัยชนะ,อยู่ระหว่างสอบสวน,ส่งศพชันสูตรเพื่อหาสาเหตุการเสียชีวิตและเก็บหลักฐานในที่เกิดเหตุ
2568-122,2025-05-12,17:00 น.,นายอภิสิทธิ์ ใจดี,093-444-5555,ลักทรัพย์,ลานจอดรถห้างสรรพสินค้าเมเจอร์ รัชโยธิน,เขตจตุจักร,กรุงเทพ,"เมื่อวันที่ 2025-05-12 เวลา 16:45 น. นายอภิสิทธิ์กลับมาที่รถยนต์ของตนเองหลังจากการชมภาพยนตร์ พบว่ากระจกหน้าต่างด้านคนขับถูกทุบแตก และกระเป๋าสะพายข้างยี่ห้อ Samsonite ภายในมีเอกสารสำคัญและเงินสด 15,000 บาท ได้หายไป",ร.ต.อ.วิชาญ ชัยชนะ,อยู่ระหว่างสอบสวน,ประสานงานกับเจ้าหน้าที่รักษาความปลอดภัยของห้างเพื่อขอดูกล้องวงจรปิดในลานจอดรถ
2568-123,2025-05-12,10:00 น.,นายตำรวจ (ไม่ประสงค์ออกนาม),-,อาวุธปืน,ด่านตรวจชายแดน อ.อรัญประเทศ จ.สระแก้ว,จังหวัดสระแก้ว,จังหวัดสระแก้ว,เมื่อวันที่ 2025-05-12 เวลา 09:30 น. เจ้าหน้าที่ประจำด่านตรวจพบอาวุธปืนสงคราม (M16) จำนวน 2 กระบอก และเครื่องกระสุนจำนวนมาก ซุกซ่อนอยู่ในรถยนต์กระบะที่กำลังจะข้ามแดน ผู้ขับขี่ถูกจับกุม,ร.ต.อ.วิชาญ ชัยชนะ,อยู่ระหว่างสอบสวน,ตรวจสอบประวัติอาชญากรรมของผู้ต้องหาและแหล่งที่มาของอาวุธปืน
2568-124,2025-05-12,16:00 น.,บริษัท XYZ จำกัด,02-555-1234,บัญชีม้า,อาคารสำนักงานชั้น 5 ถ.วิภาวดีรังสิต,ข้อมูลไม่เพียงพอที่จะระบุเขต,unknown,"บริษัท XYZ จำกัด ได้รับการติดต่อจากบุคคลไม่ทราบชื่อเมื่อวันที่ 2025-05-08 อ้างว่าเป็นตัวแทนจากบริษัทลงทุนต่างประเทศชื่อ ""Alpha Capital"" เสนอผลตอบแทนสูงถึง 25% ภายใน 2 เดือน พร้อมส่งเอกสารปลอมและเว็บไซต์ปลอมมาให้ บริษัทหลงเชื่อและได้ทำการโอนเงินลงทุนไปจำนวน 800,000 บาท",ร.ต.อ.วิชาญ ชัยชนะ,อยู่ระหว่างสอบสวน,"รวบรวมหลักฐานการโอนเงิน, แชทการสนทนา, และข้อมูลเว็บไซต์ปลอม"
2568-125,2025-05-15,11:00 น.,นายประเสริฐ สุขสบาย,087-333-4444,ลักทรัพย์,"ร้านอาหาร ""รสเด็ด"" ย่านบางลำพู",เขตพระนคร,กรุงเทพ,"เมื่อวันที่ 2025-05-14 เวลา 22:30 น. นายประเสริฐซึ่งเป็นเจ้าของร้านอาหาร พบว่าเงินสดในลิ้นชักเก็บเงินจำนวน 20,000 บาท ได้หายไป คาดว่าถูกพนักงานคนหนึ่งขโมยไปหลังร้านปิด",พ.ต.ท.หญิงปรีดา ศรีสุข,อยู่ระหว่างสอบสวน,ตรวจสอบกล้องวงจรปิดภายในร้านและสอบปากคำพนักงาน
2568-126,2025-05-15,13:00 น.,นางสาวกิติยาพร สุขเกษม,091-999-0000,คอมพิวเตอร์,บ้านพัก ซอยพัฒนาการ 20,เขตสวนหลวง,กรุงเทพ,"เมื่อวันที่ 2025-05-14 นางสาวกิติยาพรถูกมิจฉาชีพหลอกให้ติดตั้งแอปพลิเคชันควบคุมระยะไกลบนโทรศัพท์มือถือ ทำให้ข้อมูลส่วนตัวและข้อมูลธนาคารถูกขโมยไป และเงินในบัญชีถูกโอนออกไป 50,000 บาท",พ.ต.ท.หญิงปรีดา ศรีสุข,อยู่ระหว่างสอบสวน,อายัดบัญชีปลายทางและรวบรวมหลักฐานทางดิจิทัล
2568-128,2025-05-15,09:00 น.,นางศรีวรรณ ดีพร้อม,081-901-2345,ความผิดเกี่ยวกับเพศ,บ้านพัก ซอยลาดพร้าว 50,เขตวังทองหลาง,กรุงเทพ,เมื่อวันที่ 2025-05-14 เวลาประมาณ 21:00 น. บุตรสาว (อายุ 13 ปี) ของนางศรีวรรณถูกชายแปลกหน้าพยายามล่วงละเมิดทางเพศขณะเดินกลับบ้าน,ร.ต.อ.วิชาญ ชัยชนะ,อยู่ระหว่างสอบสวน,ส่งเด็กเข้าสู่กระบวนการคุ้มครองพยานและสอบสวนตามขั้นตอนกฎหมาย
2568-129,2025-05-18,15:00 น.,นายชัชวาลย์ ก้องฟ้า,061-012-3456,ของหาย,"ฟิตเนส ""สตรองกาย"" สาขาสยามสแควร์",เขตปทุมวัน,กรุงเทพ,"เมื่อวันที่ 2025-05-18 เวลาประมาณ 14:30 น. นายชัชวาลย์ได้วางนาฬิกาสมาร์ทวอทช์ยี่ห้อ Apple Watch Series 10 สีดำ มูลค่า 18,000 บาท ไว้บนม้านั่งขณะพักจากการยกเวท เมื่อกลับมาอีกครั้งพบว่านาฬิกาได้หายไปแล้ว",พ.ต.ท.หญิงปรีดา ศรีสุข,อยู่ระหว่างสอบสวน,ประสานงานกับฝ่ายจัดการฟิตเนสเพื่อขอดูกล้องวงจรปิดในบริเวณล็อกเกอร์และพื้นที่ออกกำลังกาย
2568-131,2025-05-18,11:00 น.,กองบัญชาการตำรวจปราบปรามยาเสพติด,02-666-7777,ยาเสพติด,คอนโดมิเนียมแห่งหนึ่ง ย่านเอกมัย,เขตวัฒนา,กรุงเทพ,"เมื่อวันที่ 2025-05-17 เจ้าหน้าที่ตำรวจเข้าตรวจค้นห้องพักคอนโดมิเนียม พบยาบ้าจำนวน 50,000 เม็ด และยาไอซ์ 3 กิโลกรัม ผู้ต้องหาชาย 1 ราย และหญิง 1 ราย ถูกจับกุมในที่เกิดเหตุ",พ.ต.ท.หญิงปรีดา ศรีสุข,อยู่ระหว่างสอบสวน,ขยายผลและติดตามเครือข่ายยาเสพติด
2568-132,2025-05-18,08:30 น.,นายสมคิด ตั้งใจ,063-789-0123,ลักทรัพย์,"ร้านทอง ""ทองคำแท้"" ย่านเยาวราช",เขตสัมพันธวงศ์,กรุงเทพ,เมื่อวันที่ 2025-05-18 เวลา 08:20 น. ชายคนหนึ่งวิ่งราวสร้อยคอทองคำหนัก 10 บาท จากหน้าร้านทองไปต่อหน้าพนักงานขาย นายสมคิดซึ่งเป็นเจ้าของร้านได้พยายามวิ่งตามแต่ไม่ทัน,ร.ต.อ.วิชาญ ชัยชนะ,อยู่ระหว่างสอบสวน,ตรวจสอบกล้องวงจรปิดหน้าร้านและเส้นทางหลบหนี
2568-133,2025-05-19,19:00 น.,นายสมชาย ชาตรี,091-666-7777,ทำร้ายร่างกาย,"ผับ ""แสงจันทร์"" ย่านทองหล่อ",เขตวัฒนา,กรุงเทพ,เมื่อวันที่ 2025-05-19 เวลา 18:40 น. นายสมชายถูกกลุ่มวัยรุ่นประมาณ 5 คน รุมทำร้ายร่างกายบริเวณหน้าร้านอาหาร หลังมีปากเสียงกันเรื่องการแย่งโต๊ะ นายสมชายได้รับบาดเจ็บที่ใบหน้าและลำตัว,ร.ต.อ.วิชาญ ชัยชนะ,อยู่ระหว่างสอบสวน,สอบปากคำพยานและตรวจสอบกล้องวงจรปิดของผับ
2568-134,2025-05-20,14:30 น.,นายชัชชัย ศรีสุข,088-111-2222,อุบัติเหตุจราจร,ถนนพระราม 9 (ใกล้แยกรามคำแหง),เขตบางกะปิ,กรุงเทพ,เมื่อวันที่ 2025-05-20 เวลา 14:20 น. รถยนต์ของนายชัชชัยถูกรถบรรทุก 6 ล้อ ที่ขับตามหลังมาชนท้ายอย่างจัง เนื่องจากรถบรรทุกเบรกไม่ทัน รถยนต์ของนายชัชชัยได้รับความเสียหายที่ท้ายรถอย่างมาก ไม่มีผู้บาดเจ็บรุนแรง,พ.ต.ท.หญิงปรีดา ศรีสุข,อยู่ระหว่างสอบสวน,รอผลการเจรจาค่าเสียหายจากบริษัทประกันภัย
2568-135,2025-05-20,11:00 น.,กองบัญชาการตำรวจปราบปรามยาเสพติด,02-666-7777,ยาเสพติด,อาคารพาณิชย์แห่งหนึ่ง ย่านจรัญสนิทวงศ์,ข้อมูลไม่เพียงพอที่จะระบุเขต,unknown,เมื่อวันที่ 2025-05-19 เจ้าหน้าที่ตำรวจเข้าตรวจค้นอาคารพาณิชย์ พบยาเค (Ketamine) จำนวน 15 กิโลกรัม และอุปกรณ์การผลิตยาเสพติด ผู้ต้องหาชาย 2 ราย ถูกจับกุมในที่เกิดเหตุ,พ.ต.ท.หญิงปรีดา ศรีสุข,อยู่ระหว่างสอบสวน,ขยายผลและติดตามเครือข่ายยาเสพติด
2568-136,2025-05-20,19:00 น.,นายสุรชัย ชาติไทย,091-999-0000,ทำร้ายร่างกาย,ลานจอดรถสถานบันเทิง ย่านรัชดาภิเษก,ข้อมูลไม่เพียงพอที่จะระบุเขต,unknown,เมื่อวันที่ 2025-05-20 เวลา 18:45 น. นายสุรชัยถูกกลุ่มวัยรุ่นประมาณ 4 คน รุมทำร้ายร่างกายบริเวณลานจอดรถ หลังมีปากเสียงกันเรื่องการจอดรถ นายสุรชัยได้รับบาดเจ็บที่ใบหน้าและลำตัว,ร.ต.อ.วิชาญ ชัยชนะ,อยู่ระหว่างสอบสวน,สอบปากคำพยานและตรวจสอบกล้องวงจรปิดของสถานบันเทิง
2568-137,2025-05-22,09:00 น.,บริษัท ซีพีเอฟ จำกัด (โดยนายสมศักดิ์ ผู้จัดการฝ่ายผลิต),02-555-1234,ลักทรัพย์,โรงงานผลิตอาหาร ถนนบางนา-ตราด กม.20,จังหวัดสมุทรปราการ,จังหวัดสมุทรปราการ,"เมื่อวันที่ 2025-05-21 เวลาประมาณ 23:00 น. มีกลุ่มคนร้ายไม่ทราบจำนวนบุกรุกเข้ามาในโกดังสินค้า โดยการงัดประตูหลัง และได้ขโมยเนื้อหมูแปรรูปแช่แข็งจำนวน 200 กิโลกรัม มูลค่าประมาณ 40,000 บาท บรรทุกขึ้นรถกระบะหลบหนีไป",ร.ต.อ.วิชาญ ชัยชนะ,อยู่ระหว่างสอบสวน,ตรวจสอบภาพจากกล้องวงจรปิดของโรงงานและรวบรวมหลักฐานร่องรอยการงัดแงะ
2568-138,2025-05-22,15:00 น.,นายสมชาย ช่างทอง,091-333-4444,ฉ้อโกง,ตลาดนัดจตุจักร,เขตจตุจักร,กรุงเทพ,"เมื่อวันที่ 2025-05-21 นายสมชายถูกชายคนหนึ่งหลอกขายพระเครื่องปลอม โดยอ้างว่าเป็นพระเครื่องเก่าแก่หายาก และเรียกร้องเงินสูงถึง 150,000 บาท เมื่อนำพระเครื่องไปตรวจสอบกับผู้เชี่ยวชาญจึงพบว่าเป็นของเก๊",พ.ต.ท.หญิงปรีดา ศรีสุข,อยู่ระหว่างสอบสวน,สอบปากคำพยานและตรวจสอบกล้องวงจรปิดในบริเวณตลาด
2568-139,2025-05-25,14:00 น.,นายพรชัย กำลังเอก,091-222-3333,อุบัติเหตุจราจร,ถนนรัชดาภิเษก (ใกล้สถานี MRT สุทธิสาร),เขตห้วยขวาง,กรุงเทพ,เมื่อวันที่ 2025-05-25 เวลา 13:45 น. รถยนต์ของนายพรชัยถูกรถยนต์อีกคันที่ขับเปลี่ยนเลนกะทันหันพุ่งชนด้านข้าง ทำให้รถทั้งสองได้รับความเสียหาย นายพรชัยได้รับบาดเจ็บเล็กน้อยจากแรงกระแทก,ร.ต.อ.วิชาญ ชัยชนะ,อยู่ระหว่างสอบสวน,รอผลการสอบสวนเพิ่มเติมจากพนักงานสอบสวน
2568-140,2025-05-25,10:30 น.,บริษัท อินโฟซีสเท็มส์ จำกัด (โดยนางสาวปาริฉัตร ผู้จัดการ),02-333-4444,คอมพิวเตอร์,สำนักงานบริษัท ย่านอโศก,เขตวัฒนา,กรุงเทพ,"เมื่อวันที่ 2025-05-24 ระบบฐานข้อมูลลูกค้าของบริษัทถูกเจาะระบบ ทำให้ข้อมูลส่วนบุคคลของลูกค้ากว่า 50,000 รายการรั่วไหลออกไปสู่สาธารณะ",พ.ต.ท.หญิงปรีดา ศรีสุข,อยู่ระหว่างสอบสวน,ประสานงานกับกองบังคับการปราบปรามการกระทำความผิดเกี่ยวกับอาชญากรรมทางเทคโนโลยี (ปอท.) เพื่อสอบสวนเพิ่มเติม
2568-141,2025-05-28,15:00 น.,นางสาวกิติมา ศรีสุข,092-222-3333,คอมพิวเตอร์,บ้านพัก ซอยพุทธมณฑลสาย 4,จังหวัดนครปฐม,จังหวัดนครปฐม,"เมื่อวันที่ 2025-05-27 นางสาวกิติมาถูกหลอกให้ลงทุนในสกุลเงินดิจิทัลปลอมผ่านเว็บไซต์ที่สร้างขึ้นมาอย่างแนบเนียน เธอโอนเงินไป 350,000 บาท และไม่สามารถถอนคืนได้",พ.ต.ท.หญิงปรีดา ศรีสุข,อยู่ระหว่างสอบสวน,รวบรวมหลักฐานทางดิจิทัลและอายัดบัญชีปลายทาง
2568-142,2025-05-30,17:30 น.,นายธีรศักดิ์ ใจกล้า,061-999-0000,ลักทรัพย์,ลานจอดรถห้างสรรพสินค้าเซ็นทรัลพระราม 2,เขตบางขุนเทียน,กรุงเทพ,"เมื่อวันที่ 2025-05-30 เวลาประมาณ 17:15 น. นายธีรศักดิ์กลับมาที่รถยนต์ของตนเองหลังจากการซื้อของ พบว่ากระจกหน้าต่างด้านหลังฝั่งซ้ายถูกทุบแตก และกระเป๋ากล้องถ่ายรูป DSLR ยี่ห้อ Canon พร้อมเลนส์ มูลค่ารวม 55,000 บาท ที่วางอยู่เบาะหลังได้หายไป",พ.ต.ท.หญิงปรีดา ศรีสุข,อยู่ระหว่างสอบสวน,ประสานงานกับเจ้าหน้าที่รักษาความปลอดภัยของห้างเพื่อขอดูกล้องวงจรปิดในลานจอดรถ
2568-143,2025-05-30,17:00 น.,นางสาวพรทิพย์ สุขสันต์,088-999-0000,บัญชีม้า,อาคารสำนักงานแห่งหนึ่งย่านสีลม,เขตบางรัก,กรุงเทพ,"เมื่อวันที่ 2025-05-28 นางสาวพรทิพย์ถูกบุคคลอ้างว่าเป็นตัวแทนจากบริษัทลงทุนต่างประเทศหลอกให้ลงทุนในหุ้นปลอม โดยมีการโอนเงินไปจำนวน 300,000 บาท เมื่อถึงกำหนดผลตอบแทน ผู้แจ้งความไม่สามารถติดต่อบุคคลดังกล่าวได้อีก",พ.ต.ท.หญิงปรีดา ศรีสุข,อยู่ระหว่างสอบสวน,รวบรวมหลักฐานการสนทนาและสลิปการโอนเงินเพื่อติดตามบัญชีปลายทาง
2568-144,2025-06-01,10:15 น.,นางพรรณทิพย์ ช่างทอง,065-666-7777,ฉ้อโกง,ตลาดสดบางแค,เขตบางแค,กรุงเทพ,"เมื่อวันที่ 2025-05-30 นางพรรณทิพย์ถูกหญิงสาวคนหนึ่งหลอกขายทองคำปลอมในราคาต่ำกว่าท้องตลาด โดยอ้างว่าเป็นทองรูปพรรณที่ได้มาอย่างเร่งด่วน นางพรรณทิพย์หลงเชื่อและซื้อไปในราคา 10,000 บาท เมื่อนำไปตรวจสอบที่ร้านทองจึงทราบว่าเป็นทองปลอม",พ.ต.ท.หญิงปรีดา ศรีสุข,อยู่ระหว่างสอบสวน,สอบปากคำพยานแม่ค้าในตลาดและตรวจสอบกล้องวงจรปิดเพื่อหารูปพรรณสัณฐานผู้กระทำผิด
2568-145,2025-06-01,09:30 น.,นางสาวพรรณรายณ์ อ่อนหวาน,061-444-5555,ความผิดเกี่ยวกับเพศ,บ้านพัก ซอยสุขุมวิท 49,เขตวัฒนา,กรุงเทพ,เมื่อวันที่ 2025-05-31 เวลาประมาณ 21:00 น. นางสาวพรรณรายณ์ถูกชายแปลกหน้าบุกรุกเข้ามาในบ้านและพยายามล่วงละเมิดทางเพศ แต่เธอต่อสู้และคนร้ายได้หลบหนีไป,ร.ต.อ.วิชาญ ชัยชนะ,อยู่ระหว่างสอบสวน,เก็บหลักฐานลายนิ้วมือแฝงและตรวจสอบกล้องวงจรปิดบริเวณใกล้เคียง
2568-147,2025-06-03,08:30 น.,นายตำรวจ (ไม่ประสงค์ออกนาม),-,อาวุธปืน,ด่านตรวจชายแดน อ.แม่สาย จ.เชียงราย,จังหวัดเชียงราย,จังหวัดเชียงราย,เมื่อวันที่ 2025-06-03 เวลา 08:00 น. เจ้าหน้าที่ประจำด่านตรวจชายแดนพบอาวุธปืนสงคราม (AK-47) จำนวน 1 กระบอก และเครื่องกระสุนจำนวนมาก ซุกซ่อนในรถยนต์กระบะที่กำลังจะข้ามแดน ผู้ขับขี่ถูกจับกุม,ร.ต.อ.วิชาญ ชัยชนะ,อยู่ระหว่างสอบสวน,ตรวจสอบประวัติอาชญากรรมของผู้ต้องหาและแหล่งที่มาของอาวุธปืน
2568-148,2025-06-03,09:00 น.,นายตำรวจ (ไม่ประสงค์ออกนาม),-,อาวุธปืน,ด่านตรวจชายแดน อ.สะเดา จ.สงขลา,จังหวัดสงขลา,จังหวัดสงขลา,เมื่อวันที่ 2025-06-03 เวลา 08:30 น. เจ้าหน้าที่ประจำด่านตรวจชายแดนพบอาวุธปืนสงคราม (AK-47) จำนวน 3 กระบอก และเครื่องกระสุนจำนวนมาก ซุกซ่อนในรถบรรทุกสินค้าที่กำลังจะข้ามแดน ผู้ขับขี่ถูกจับกุม,ร.ต.อ.วิชาญ ชัยชนะ,อยู่ระหว่างสอบสวน,ตรวจสอบประวัติอาชญากรรมของผู้ต้องหาและแหล่งที่มาของอาวุธปืน
2568-149,2025-06-05,13:00 น.,นายสมเจตน์ ใจตรง,093-000-1111,ทำร้ายร่างกาย,สวนสาธารณะแห่งหนึ่งในกรุงเทพฯ,ข้อมูลไม่เพียงพอที่จะระบุเขต,unknown,เมื่อวันที่ 2025-06-05 เวลา 12:45 น. นายสมเจตน์ถูกชายคนหนึ่งทำร้ายร่างกายด้วยการชกต่อยและใช้ไม้ตี หลังมีปากเสียงกันเรื่องการแย่งที่จอดรถจักรยานยนต์ นายสมเจตน์ได้รับบาดเจ็บที่ใบหน้าและแขน,ร.ต.อ.วิชาญ ชัยชนะ,อยู่ระหว่างสอบสวน,สอบปากคำพยานและตรวจสอบกล้องวงจรปิดบริเวณใกล้เคียง
2568-151,2025-06-05,11:00 น.,นางสาวกัญญาณัฐ อ่อนนุช,061-000-1111,ของหาย,สวนสาธารณะเฉลิมพระเกียรติ,ข้อมูลไม่เพียงพอที่จะระบุเขต,unknown,"เมื่อวันที่ 2025-06-05 เวลา 10:40 น. นางสาวกัญญาณัฐทำนาฬิกาสมาร์ทวอทช์ยี่ห้อ Samsung Galaxy Watch 7 มูลค่า 12,000 บาท หล่นหายไปขณะเดินออกกำลังกาย เธอได้พยายามเดินหาในบริเวณดังกล่าวแล้วแต่ไม่พบ",พ.ต.ท.หญิงปรีดา ศรีสุข,อยู่ระหว่างสอบสวน,ประสานงานกับเจ้าหน้าที่สวนเพื่อตรวจสอบพื้นที่และสอบถามผู้พบเห็น
2568-152,2025-06-07,11:30 น.,นางลำใย สุขเกษม,065-999-0000,ฉ้อโกง,ตลาดสดปากเกร็ด,จังหวัดนนทบุรี,จังหวัดนนทบุรี,"เมื่อวันที่ 2025-06-06 นางลำใยถูกหญิงวัยกลางคนหลอกขายผลิตภัณฑ์เสริมอาหารปลอม โดยอ้างว่าสามารถรักษาโรคได้สารพัด และชักชวนให้ซื้อในราคาสูงถึง 15,000 บาท เมื่อนำผลิตภัณฑ์ไปตรวจสอบกับแพทย์จึงทราบว่าเป็นของปลอม",พ.ต.ท.หญิงปรีดา ศรีสุข,อยู่ระหว่างสอบสวน,สอบปากคำพยานและตรวจสอบกล้องวงจรปิดบริเวณแผงขายสินค้า
2568-153,2025-06-10,11:00 น.,นางอรทัย เจริญสุข,091-666-7777,ฉ้อโกง,ตลาดสดคลองเตย,เขตคลองเตย,กรุงเทพ,"เมื่อวันที่ 2025-06-09 นางอรทัยถูกชายคนหนึ่งหลอกขายลอตเตอรี่ปลอม โดยอ้างว่าเป็นลอตเตอรี่รางวัลที่ 1 ที่ยังไม่ได้ขึ้นเงิน เธอหลงเชื่อและจ่ายเงินสดไป 10,000 บาท เมื่อนำลอตเตอรี่ไปตรวจสอบจึงพบว่าเป็นของปลอม",ร.ต.อ.วิชาญ ชัยชนะ,อยู่ระหว่างสอบสวน,สอบปากคำพยานแม่ค้าในตลาดและตรวจสอบกล้องวงจรปิดเพื่อหารูปพรรณสัณฐานผู้กระทำผิด
2568-155,2025-06-10,10:00 น.,นางสาวประภาศรี อ่อนน้อม,081-012-3456,อุบัติเหตุจราจร,ถนนสุขุมวิท (ใกล้สถานี BTS พร้อมพงษ์),เขตวัฒนา,กรุงเทพ,เมื่อวันที่ 2025-06-10 เวลา 09:45 น. รถยนต์ของนางสาวประภาศรีถูกรถจักรยานยนต์ที่ขับขี่มาด้วยความเร็วสูงชนท้ายอย่างแรง ทำให้รถยนต์ของเธอได้รับความเสียหายที่ท้ายรถอย่างมาก ส่วนคนขับจักรยานยนต์ได้รับบาดเจ็บสาหัส,ร.ต.อ.วิชาญ ชัยชนะ,อยู่ระหว่างสอบสวน,ส่งศพชันสูตร (หากมีผู้เสียชีวิต) และตรวจสอบกล้องวงจรปิดบริเวณที่เกิดเหตุ
2568-156,2025-06-11,08:30 น.,นายชูศักดิ์ ศรีสุข,086-678-9012,ลักทรัพย์,โกดังเก็บสินค้า A12 นิคมอุตสาหกรรมบางปู,จังหวัดสมุทรปราการ,จังหวัดสมุทรปราการ,"เมื่อคืนวันที่ 2025-06-10 ระหว่างเวลา 01:00 น. ถึง 06:00 น. ได้มีคนร้ายบุกรุกเข้าไปในโกดังเก็บสินค้าของบริษัทโดยการตัดกุญแจประตูรั้ว และได้ขโมยสินค้าประเภทสายไฟทองแดงม้วนใหญ่ไปจำนวน 10 ม้วน มูลค่าประมาณ 200,000 บาท",พ.ต.ท.หญิงปรีดา ศรีสุข,อยู่ระหว่างสอบสวน,ตรวจสอบภาพจากกล้องวงจรปิดของนิคมอุตสาหกรรมและเก็บหลักฐานในที่เกิดเหตุ
2568-157,2025-06-11,10:00 น.,นางสายฝน รุ่งเรือง,080-111-2222,ลักทรัพย์,ศูนย์การค้าเอ็มควอเทียร์,เขตวัฒนา,กรุงเทพ,"เมื่อวันที่ 2025-06-11 เวลาประมาณ 09:30 น. นางสายฝนได้ทำกระเป๋าสตางค์แบบผ้า สีชมพู หายขณะเดินซื้อของในโซนเสื้อผ้าของศูนย์การค้า ภายในกระเป๋ามีเงินสดประมาณ 2,500 บาท บัตรประชาชน และบัตรเครดิต 2 ใบ",พ.ต.ท.หญิงปรีดา ศรีสุข,อยู่ระหว่างสอบสวน,ประสานเจ้าหน้าที่รักษาความปลอดภัยของศูนย์การค้าเพื่อขอดูกล้องวงจรปิดในบริเวณดังกล่าว
2568-158,2025-06-12,16:45 น.,นางฟ้าใส รุ่งอรุณ,089-901-2345,ทะเลาะวิวาท,บ้านพัก ซอยรามคำแหง 53,เขตวังทองหลาง,กรุงเทพ,เมื่อวันที่ 2025-06-12 เวลาประมาณ 16:30 น. นางฟ้าใสมีปากเสียงกับเพื่อนบ้าน (นางป้าอ้วน) เรื่องการนำขยะมาวางหน้าบ้านของนางฟ้าใส การโต้เถียงบานปลายจนมีการปะทะคารมและด่าทอกันอย่างรุนแรง ทำให้เกิดความไม่สบายใจและต้องการให้เจ้าหน้าที่ตำรวจเข้ามาไกล่เกลี่ย,พ.ต.ท.หญิงปรีดา ศรีสุข,อยู่ระหว่างสอบสวน,สอบปากคำคู่กรณีทั้งสองฝ่ายและพยานในพื้นที่ใกล้เคียง
2568-159,2025-06-15,10:30 น.,นางสาวกมลทิพย์ แจ่มใส,061-333-4444,ลักทรัพย์,โรงแรมแกรนด์ฮิลล์ สุขุมวิท,ข้อมูลไม่เพียงพอที่จะระบุเขต,unknown,"เมื่อวันที่ 2025-06-15 เวลา 10:00 น. นางสาวกมลทิพย์พบว่ากระเป๋าเดินทางแบบล้อลากของตนเองที่วางไว้ในล็อบบี้โรงแรมขณะเช็คอิน ได้หายไป ภายในมีเสื้อผ้า, เครื่องสำอาง, และเงินสด 10,000 บาท",พ.ต.ท.หญิงปรีดา ศรีสุข,อยู่ระหว่างสอบสวน,ตรวจสอบกล้องวงจรปิดของโรงแรมและสอบถามพนักงาน
2568-160,2025-06-15,11:00 น.,นางฟ้าใส รุ่งเรือง,061-000-1111,ของหาย,สวนสาธารณะเฉลิมพระเกียรติ,ข้อมูลไม่เพียงพอที่จะระบุเขต,unknown,"เมื่อวันที่ 2025-06-15 เวลา 10:40 น. นางฟ้าใสทำโทรศัพท์มือถือยี่ห้อ iPhone 16 Pro Max สีดำ มูลค่า 50,000 บาท หล่นหายไปขณะเดินออกกำลังกาย เธอได้พยายามเดินหาในบริเวณดังกล่าวแล้วแต่ไม่พบ",พ.ต.ท.หญิงปรีดา ศรีสุข,อยู่ระหว่างสอบสวน,ประสานงานกับเจ้าหน้าที่สวนเพื่อตรวจสอบพื้นที่และสอบถามผู้พบเห็น
2568-161,2025-06-18,14:00 น.,บริษัท เทคโซลูชั่น จำกัด (โดยนายธนา ผู้จัดการฝ่าย IT),02-777-8888,คอมพิวเตอร์,สำนักงานบริษัท ย่านสาทร,เขตสาทร,กรุงเทพ,"เมื่อวันที่ 2025-06-17 ระบบคอมพิวเตอร์ของบริษัทถูกแฮกเกอร์โจมตี ทำให้ข้อมูลลูกค้ากว่า 10,000 รายการถูกขโมยไป และระบบบางส่วนถูกเข้ารหัสเรียกค่าไถ่",พ.ต.ท.หญิงปรีดา ศรีสุข,อยู่ระหว่างสอบสวน,ประสานงานกับกองบังคับการปราบปรามการกระทำความผิดเกี่ยวกับอาชญากรรมทางเทคโนโลยี (ปอท.)
2568-162,2025-06-20,18:00 น.,นายภาณุพงศ์ เจริญ,091-888-9999,ทำร้ายร่างกาย,สนามกีฬาหัวหมาก (หลังซ้อมฟุตบอล),เขตบางกะปิ,กรุงเทพ,เมื่อวันที่ 2025-06-20 เวลาประมาณ 17:45 น. นายภาณุพงศ์ถูกกลุ่มวัยรุ่น 3 คน (ไม่ทราบชื่อ) รุมทำร้ายร่างกายด้วยการชกต่อยและเตะ หลังจากมีปากเสียงกันเรื่องการแย่งสนามฟุตบอล นายภาณุพงศ์ได้รับบาดเจ็บฟกช้ำตามร่างกาย และศีรษะแตกเล็กน้อย,ร.ต.อ.วิชาญ ชัยชนะ,อยู่ระหว่างสอบสวน,ตรวจสอบภาพจากกล้องวงจรปิดของสนามกีฬาและสอบพยานผู้เห็นเหตุการณ์
2568-163,2025-06-20,16:00 น.,นางพิมพา อรุณแสง,091-444-5555,ฉ้อโกง,ห้างสรรพสินค้าเซ็นทรัลลาดพร้าว (แผนกเครื่องประดับ),เขตจตุจักร,กรุงเทพ,"เมื่อวันที่ 2025-06-19 นางพิมพาถูกชายคนหนึ่งหลอกขายเพชรปลอม โดยอ้างว่าเป็นเพชรแท้จากต่างประเทศในราคาถูก เธอหลงเชื่อและซื้อไปในราคา 100,000 บาท เมื่อนำไปให้ร้านทองตรวจสอบจึงทราบว่าเป็นเพชรปลอม",ร.ต.อ.วิชาญ ชัยชนะ,อยู่ระหว่างสอบสวน,รวบรวมหลักฐานการซื้อขายและตรวจสอบกล้องวงจรปิดของห้าง
2568-164,2025-06-20,11:30 น.,บริษัท โกลบอลเทค จำกัด (โดยนายสมชาย ผู้จัดการฝ่าย IT),02-890-1234,คอมพิวเตอร์,สำนักงานบริษัท ย่านพญาไท,เขตพญาไท,กรุงเทพ,เมื่อวันที่ 2025-06-19 ระบบคอมพิวเตอร์ของบริษัทถูกแฮกเกอร์โจมตี ทำให้ข้อมูลทางการเงินของบริษัทและลูกค้าถูกขโมยไป และระบบบางส่วนถูกเข้ารหัสเรียกค่าไถ่เป็นจำนวนมาก,พ.ต.ท.หญิงปรีดา ศรีสุข,อยู่ระหว่างสอบสวน,ประสานงานกับกองบังคับการปราบปรามการกระทำความผิดเกี่ยวกับอาชญากรรมทางเทคโนโลยี (ปอท.) เพื่อกู้คืนระบบและติดตามผู้กระทำผิด
2568-165,2025-06-20,12:00 น.,กองบัญชาการตำรวจปราบปรามยาเสพติด,02-789-0123,ยาเสพติด,โรงแรมแห่งหนึ่ง ย่านสุขุมวิท,ข้อมูลไม่เพียงพอที่จะระบุเขต,unknown,"เมื่อวันที่ 2025-06-19 เจ้าหน้าที่ตำรวจเข้าตรวจค้นห้องพักโรงแรม พบยาบ้าจำนวน 150,000 เม็ด และยาไอซ์ 8 กิโลกรัม ผู้ต้องหาชาย 1 ราย และหญิง 1 ราย ถูกจับกุมในที่เกิดเหตุ",พ.ต.ท.หญิงปรีดา ศรีสุข,อยู่ระหว่างสอบสวน,ขยายผลและติดตามเครือข่ายยาเสพติด
2568-166,2025-06-20,14:00 น.,ป.ป.ส.,02-012-3456,ยาเสพติด,คลังสินค้าแห่งหนึ่ง ย่านบางนา-ตราด,จังหวัดสมุทรปราการ,จังหวัดสมุทรปราการ,"เมื่อวันที่ 2025-06-19 เจ้าหน้าที่ ป.ป.ส. เข้าตรวจค้นคลังสินค้า พบยาบ้าจำนวน 600,000 เม็ด และยาไอซ์ 30 กิโลกรัม ซุกซ่อนในตู้คอนเทนเนอร์",พ.ต.ท.หญิงปรีดา ศรีสุข,อยู่ระหว่างสอบสวน,ขยายผลและติดตามเครือข่ายยาเสพติดรายใหญ่ข้ามชาติ
2568-167,2025-06-20,09:15 น.,นายธนา เลิศลบ,090-111-2222,อุบัติเหตุจราจร,สี่แยกเพชรบุรีตัดใหม่,เขตราชเทวี,กรุงเทพ,เมื่อวันที่ 2025-06-20 เวลาประมาณ 09:00 น. ขณะที่นายธนา เลิศลบ ขับขี่รถยนต์ส่วนบุคคล ยี่ห้อ Toyota Camry สีดำ ทะเบียน กท 5678 กรุงเทพมหานคร มาตามถนนเพชรบุรี ได้มีรถจักรยานยนต์ ยี่ห้อ Honda PCX สีขาว ทะเบียน ขค 9012 กรุงเทพมหานคร พุ่งชนท้ายรถของนายธนาอย่างจังเนื่องจากขับขี่มาด้วยความเร็วสูง,พ.ต.ท.หญิงปรีดา ศรีสุข,อยู่ระหว่างสอบสวน,ผู้บาดเจ็บส่งโรงพยาบาลและรอผลการรักษา
2568-168,2025-06-25,11:30 น.,นางประภาศรี สวัสดิ์,061-777-8888,ของหาย,สวนสาธารณะ สวนหลวง ร.9,เขตประเวศ,กรุงเทพ,"เมื่อวันที่ 2025-06-25 เวลา 11:10 น. นางประภาศรีทำโทรศัพท์มือถือยี่ห้อ Huawei P60 Pro สีเขียว มูลค่า 30,000 บาท หล่นหายไปขณะเดินออกกำลังกาย เธอได้พยายามเดินหาในบริเวณดังกล่าวแล้วแต่ไม่พบ",พ.ต.ท.หญิงปรีดา ศรีสุข,อยู่ระหว่างสอบสวน,ประสานงานกับเจ้าหน้าที่สวนเพื่อตรวจสอบพื้นที่และสอบถามผู้พบเห็น
2568-169,2025-06-25,11:00 น.,นายสมคิด สุขเกษม,061-333-4444,อุบัติเหตุจราจร,ถนนลาดพร้าว (ใกล้เดอะมอลล์บางกะปิ),เขตบางกะปิ,กรุงเทพ,เมื่อวันที่ 2025-06-25 เวลา 10:45 น. รถยนต์ของนายสมคิดถูกรถจักรยานยนต์ที่ขับขี่มาด้วยความเร็วสูงชนด้านข้างอย่างแรง ทำให้รถยนต์ของเขาได้รับความเสียหายที่ประตูหน้าด้านขวา ส่วนคนขับจักรยานยนต์ได้รับบาดเจ็บเล็กน้อย,พ.ต.ท.หญิงปรีดา ศรีสุข,อยู่ระหว่างสอบสวน,รอผลการสอบสวนจากพนักงานสอบสวน
2568-170,2025-06-25,10:30 น.,นางสาววันดี มีสุข,087-890-1234,บัญชีม้า,บ้านพัก ซอยสุขุมวิท 63,เขตวัฒนา,กรุงเทพ,"เมื่อวันที่ 2025-06-23 นางสาววันดีถูกแก๊งคอลเซ็นเตอร์หลอกว่าเป็นเจ้าหน้าที่กรมสรรพากร อ้างว่าเธอมีหนี้ภาษีที่ต้องชำระและต้องโอนเงินเพื่อเคลียร์คดี เธอหลงเชื่อและโอนเงินไป 250,000 บาท",ร.ต.อ.วิชาญ ชัยชนะ,อยู่ระหว่างสอบสวน,อายัดบัญชีปลายทางและรวบรวมหลักฐานการสนทนา
2568-171,2025-06-28,16:00 น.,นางสาวอรุณรัตน์ มีชัย,093-222-3333,ฉ้อโกง,ห้างสรรพสินค้าเอ็มควอเทียร์ (แผนกนาฬิกา),เขตวัฒนา,กรุงเทพ,"เมื่อวันที่ 2025-06-27 นางสาวอรุณรัตน์ถูกชายคนหนึ่งหลอกขายนาฬิกาข้อมือยี่ห้อ Patek Philippe ปลอม โดยอ้างว่าเป็นของแท้ที่ได้มาอย่างเร่งด่วน เธอหลงเชื่อและซื้อไปในราคา 500,000 บาท เมื่อนำไปตรวจสอบที่ร้านนาฬิกาจึงทราบว่าเป็นของปลอม",ร.ต.อ.วิชาญ ชัยชนะ,อยู่ระหว่างสอบสวน,รวบรวมหลักฐานการซื้อขายและตรวจสอบกล้องวงจรปิดของห้าง
2568-172,2025-07-01,10:30 น.,นายสมศักดิ์ ใจดี,081-123-4567,ลักทรัพย์,บ้านเลขที่ 123 ถนนสุขุมวิท ซ.10 เขตคลองเตย กรุงเทพมหานคร,เขตคลองเตย,กรุงเทพ,"เมื่อวันที่ 30 มิถุนายน 2568 เวลาประมาณ 22:00 น. นายสมศักดิ์ได้ปิดบ้านพักและออกไปทำธุระนอกบ้าน เมื่อกลับมาถึงบ้านในวันที่ 1 กรกฎาคม 2568 เวลาประมาณ 09:00 น. พบว่าประตูหลังบ้านถูกงัดแงะ และโน้ตบุ๊กยี่ห้อ Dell รุ่น Inspiron 15 สีดำ มูลค่าประมาณ 25,000 บาท ซึ่งวางอยู่บนโต๊ะทำงานในห้องนอนได้หายไป รวมถึงนาฬิกาข้อมือยี่ห้อ Casio อีกหนึ่งเรือน มูลค่าประมาณ 3,000 บาทที่วางอยู่ข้างเตียงก็หายไปด้วย คาดว่าคนร้ายบุกรุกเข้ามาทางประตูหลังบ้านในช่วงที่ไม่มีใครอยู่บ้าน",ร.ต.อ.วิชาญ ชัยชนะ,อยู่ระหว่างสอบสวน,ตรวจสอบกล้องวงจรปิดในบริเวณใกล้เคียง และเก็บลายนิ้วมือแฝงในที่เกิดเหตุเพิ่มเติม
2568-173,2025-07-01,08:00 น.,นางสาวรัตนาพร แสงดาว,085-444-5555,ลักทรัพย์,"ร้านทอง ""สยามทอง"" ย่านเยาวราช",เขตสัมพันธวงศ์,กรุงเทพ,เมื่อวันที่ 2025-07-01 เวลา 07:50 น. ชายคนหนึ่งแต่งกายมิดชิดเข้ามาก่อเหตุวิ่งราวสร้อยคอทองคำหนัก 3 บาท จากหน้าร้านทองไปต่อหน้าพนักงานขาย ก่อนจะวิ่งหลบหนีไป,ร.ต.อ.วิชาญ ชัยชนะ,อยู่ระหว่างสอบสวน,ตรวจสอบกล้องวงจรปิดหน้าร้านและเส้นทางหลบหนี
2568-175,2025-07-01,19:00 น.,นายสุรชัย ชาตรี,091-901-2345,ทำร้ายร่างกาย,ลานจอดรถสถานีรถไฟฟ้าบีทีเอสอโศก,เขตวัฒนา,กรุงเทพ,เมื่อวันที่ 2025-07-01 เวลา 18:45 น. นายสุรชัยถูกกลุ่มวัยรุ่นประมาณ 5 คน รุมทำร้ายร่างกายบริเวณลานจอดรถ หลังมีปากเสียงกันเรื่องการทะเลาะวิวาท นายสุรชัยได้รับบาดเจ็บที่ใบหน้าและลำตัว,ร.ต.อ.วิชาญ ชัยชนะ,อยู่ระหว่างสอบสวน,สอบปากคำพยานและตรวจสอบกล้องวงจรปิดของสถานีรถไฟฟ้า
2568-176,2025-07-01,10:00 น.,นายตำรวจ (ไม่ประสงค์ออกนาม),-,อาวุธปืน,ด่านตรวจท่าเรือคลองเตย,เขตคลองเตย,กรุงเทพ,เมื่อวันที่ 2025-07-01 เวลา 09:30 น. เจ้าหน้าที่ประจำด่านตรวจพบอาวุธปืนพกสั้นไม่ได้รับอนุญาต จำนวน 7 กระบอก ซุกซ่อนในเรือประมง ผู้ต้องหา 2 ราย ถูกจับกุม,ร.ต.อ.วิชาญ ชัยชนะ,อยู่ระหว่างสอบสวน,ตรวจสอบประวัติอาชญากรรมของผู้ต้องหาและแหล่งที่มาของอาวุธปืน
2568-177,2025-07-01,18:00 น.,นางพรรณี ชื่นบาน,062-333-4444,ทำร้ายร่างกาย,สวนสาธารณะเฉลิมพระเกียรติ,ข้อมูลไม่เพียงพอที่จะระบุเขต,unknown,เมื่อวันที่ 2025-07-01 เวลาประมาณ 17:45 น. นางพรรณีถูกชายไม่ทราบชื่อ (ประมาณอายุ 30-40 ปี) ทำร้ายร่างกายด้วยการผลักล้มและชกต่อย เนื่องจากไม่พอใจที่นางพรรณียืนขวางทางขณะวิ่งออกกำลังกาย นางพรรณีได้รับบาดเจ็บฟกช้ำตามร่างกาย,ร.ต.อ.วิชาญ ชัยชนะ,อยู่ระหว่างสอบสวน,ตรวจสอบกล้องวงจรปิดในบริเวณสวนสาธารณะ
2568-178,2025-07-02,14:00 น.,นางสาวมาลี รักษา,089-987-6543,ทะเลาะวิวาท,ร้านค้าหน้าปากซอยลาดพร้าว 5 แขวงจอมพล เขตจตุจักร กรุงเทพมหานคร,เขตจตุจักร,กรุงเทพ,เมื่อวันที่ 2 กรกฎาคม 2568 เวลาประมาณ 13:30 น. นางสาวมาลี รักษา ซึ่งเป็นเจ้าของร้านขายของชำ ได้มีปากเสียงอย่างรุนแรงกับนางประไพ ศรีสุข เพื่อนบ้านที่เปิดร้านเสริมสวยอยู่ติดกัน เรื่องการจอดรถจักรยานยนต์ของลูกค้าหน้าร้าน ซึ่งนางประไพกล่าวหาว่ากีดขวางทางเข้าร้านของตน ทำให้ลูกค้าเข้าร้านลำบาก การโต้เถียงบานปลายจนมีการผลักดันกันเล็กน้อย แต่ไม่มีผู้ใดได้รับบาดเจ็บสาหัส คู่กรณีทั้งสองฝ่ายยังคงมีท่าทีไม่ยอมกันและต้องการให้เจ้าหน้าที่ตำรวจเข้ามาไกล่เกลี่ย,พ.ต.ท.หญิงปรีดา ศรีสุข,ยุติการสอบสวน,คู่กรณีทั้งสองฝ่ายตกลงประนีประนอมกัน โดยมีการทำข้อตกลงเรื่องการจอดรถให้ชัดเจน และขอโทษซึ่งกันและกัน
2568-179,2025-07-02,10:00 น.,นายบัญชา ดีพร้อม,085-111-2222,ฆาตกรรม,โรงงานผลิตชิ้นส่วนรถยนต์แห่งหนึ่งในจังหวัดระยอง,จังหวัดระยอง,จังหวัดระยอง,เมื่อวันที่ 2025-07-01 เวลาประมาณ 23:00 น. พบศพนายมานะ ซึ่งเป็นหัวหน้าคนงาน เสียชีวิตอยู่ภายในโรงงาน มีบาดแผลถูกของแข็งทุบที่ศีรษะ,ร.ต.อ.วิชาญ ชัยชนะ,อยู่ระหว่างสอบสวน,ส่งศพชันสูตรเพื่อหาสาเหตุการเสียชีวิตและเก็บหลักฐานในที่เกิดเหตุ
2568-180,2025-07-02,09:00 น.,นายตำรวจ (ไม่ประสงค์ออกนาม),-,อาวุธปืน,ด่านตรวจชายแดน อ.แม่สอด จ.ตาก,จังหวัดตาก,จังหวัดตาก,เมื่อวันที่ 2025-07-02 เวลา 08:30 น. เจ้าหน้าที่ประจำด่านตรวจชายแดนพบอาวุธปืนสงคราม (AK-47) จำนวน 5 กระบอก และเครื่องกระสุนจำนวนมาก ซุกซ่อนอยู่ในรถบรรทุกสินค้าที่กำลังจะข้ามแดน ผู้ขับขี่ถูกจับกุม,ร.ต.อ.วิชาญ ชัยชนะ,อยู่ระหว่างสอบสวน,ตรวจสอบประวัติอาชญากรรมของผู้ต้องหาและแหล่งที่มาของอาวุธปืน
2568-181,2025-07-02,11:00 น.,นายบุญชัย สงบสุข,061-890-1234,อุบัติเหตุจราจร,ถนนพระราม 9 (ใกล้สถานี Airport Rail Link มักกะสัน),เขตราชเทวี,กรุงเทพ,เมื่อวันที่ 2025-07-02 เวลา 10:50 น. รถยนต์ของนายบุญชัยถูกรถจักรยานยนต์ที่ขับขี่ด้วยความเร็วสูงชนด้านข้างอย่างรุนแรง ทำให้รถยนต์ของเขาได้รับความเสียหายที่ประตูหน้าด้านซ้าย ส่วนคนขับจักรยานยนต์ได้รับบาดเจ็บเล็กน้อย,ร.ต.อ.วิชาญ ชัยชนะ,อยู่ระหว่างสอบสวน,รอผลการสอบสวนเพิ่มเติมจากพนักงานสอบสวน
2568-182,2025-07-03,14:00 น.,กองบัญชาการตำรวจปราบปรามยาเสพติด,02-666-7777,ยาเสพติด,คอนโดมิเนียมแห่งหนึ่ง ย่านพระราม 9,เขตห้วยขวา,กรุงเทพ,"เมื่อวันที่ 2025-07-03 เวลา 13:30 น. เจ้าหน้าที่ตำรวจเข้าตรวจค้นห้องพักคอนโดมิเนียม พบยาอีจำนวน 5,000 เม็ด และกัญชาอัดแท่ง 2 กิโลกรัม ผู้ต้องหาชาย 1 ราย และหญิง 1 ราย ถูกจับกุมในที่เกิดเหตุ",พ.ต.ท.หญิงปรีดา ศรีสุข,อยู่ระหว่างสอบสวน,ขยายผลและติดตามเครือข่ายยาเสพติด
2568-183,2025-07-03,11:00 น.,กองบัญชาการตำรวจปราบปรามยาเสพติด,02-678-9012,ยาเสพติด,อพาร์ตเมนต์แห่งหนึ่ง ย่านบางซื่อ,เขตบางซื่อ,กรุงเทพ,"เมื่อวันที่ 2025-07-02 เจ้าหน้าที่ตำรวจเข้าตรวจค้นอพาร์ตเมนต์ พบยาบ้าจำนวน 80,000 เม็ด และยาไอซ์ 4 กิโลกรัม ผู้ต้องหาชาย 1 ราย และหญิง 1 ราย ถูกจับกุมในที่เกิดเหตุ",พ.ต.ท.หญิงปรีดา ศรีสุข,อยู่ระหว่างสอบสวน,ขยายผลและติดตามเครือข่ายยาเสพติด
2568-184,2025-07-03,09:00 น.,นายตำรวจ (ไม่ประสงค์ออกนาม),-,อาวุธปืน,ด่านตรวจชายแดน อ.สะเดา จ.สงขลา,จังหวัดสงขลา,จังหวัดสงขลา,เมื่อวันที่ 2025-07-03 เวลา 08:30 น. เจ้าหน้าที่ประจำด่านตรวจชายแดนพบอาวุธปืนสงคราม (AK-47) จำนวน 3 กระบอก และเครื่องกระสุนจำนวนมาก ซุกซ่อนในรถบรรทุกสินค้าที่กำลังจะข้ามแดน ผู้ขับขี่ถูกจับกุม,ร.ต.อ.วิชาญ ชัยชนะ,อยู่ระหว่างสอบสวน,ตรวจสอบประวัติอาชญากรรมของผู้ต้องหาและแหล่งที่มาของอาวุธปืน
2568-185,2025-07-04,11:00 น.,นางพรรณี ชื่นบาน,062-333-4444,ของหาย,สวนสาธารณะเฉลิมพระเกียรติ แขวงสวนหลวง เขตสวนหลวง กรุงเทพมหานคร,เขตสวนหลวง,กรุงเทพ,"เมื่อวันที่ 4 กรกฎาคม 2568 เวลาประมาณ 10:00 น. นางพรรณี ชื่นบาน ได้ไปออกกำลังกายที่สวนสาธารณะเฉลิมพระเกียรติ และวางกระเป๋าสตางค์แบบผ้า สีชมพู ไว้บนม้านั่งขณะวิ่งออกกำลังกาย เมื่อกลับมาที่ม้านั่งเวลาประมาณ 10:45 น. พบว่ากระเป๋าสตางค์ได้หายไป ภายในกระเป๋ามีเงินสดประมาณ 1,500 บาท บัตรประชาชน และบัตรเครดิต 2 ใบ นางพรรณีได้สอบถามผู้คนที่อยู่ในบริเวณใกล้เคียงแล้วแต่ไม่มีใครพบเห็น จึงตัดสินใจมาแจ้งความเพื่อลงบันทึกประจำวันและดำเนินการอายัดบัตร",ร.ต.อ.วิชาญ ชัยชนะ,อยู่ระหว่างสอบสวน,ประสานงานกับฝ่ายรักษาความปลอดภัยของสวนสาธารณะเพื่อขอดูกล้องวงจรปิด
2568-186,2025-07-04,15:20 น.,นายสุชาติ พลเมือง,087-777-8888,ทะเลาะวิวาท,"ร้านอาหาร ""ครัวคุณยาย"" ซอยเอกมัย 12",เขตวัฒนา,กรุงเทพ,เมื่อวันที่ 4 กรกฎาคม 2568 เวลาประมาณ 14:50 น. นายสุชาติ ซึ่งเป็นพนักงานเสิร์ฟ ได้มีปากเสียงกับลูกค้าชายคนหนึ่ง (ไม่ทราบชื่อ) เรื่องการคิดเงินค่าอาหาร ลูกค้าไม่พอใจและเริ่มตะคอกเสียงดัง ก่อนจะพยายามเข้าทำร้ายร่างกาย แต่นายสุชาติสามารถหลบได้ ไม่มีใครได้รับบาดเจ็บสาหัส แต่ลูกค้าคนดังกล่าวได้ทำลายข้าวของในร้านเสียหายเล็กน้อย เช่น เก้าอี้ล้ม แก้วแตก,พ.ต.ท.หญิงปรีดา ศรีสุข,อยู่ระหว่างสอบสวน,รวบรวมพยานบุคคลจากพนักงานในร้านและตรวจสอบกล้องวงจรปิดของร้าน
2568-187,2025-07-04,17:00 น.,นายชลิต ดำรงค์ดี,061-333-4444,อุบัติเหตุจราจร,ถนนพหลโยธิน ขาออก (ตรงข้ามห้างสรรพสินค้าเซ็นทรัลลาดพร้าว),เขตจตุจักร,กรุงเทพ,เมื่อวันที่ 2025-07-04 เวลาประมาณ 16:50 น. นายชลิตขับขี่รถจักรยานยนต์มาตามถนนพหลโยธิน ได้ถูกรถเก๋งสีดำ (ทะเบียนจำไม่ได้) เฉี่ยวชนด้านข้างขณะกำลังเปลี่ยนเลน รถจักรยานยนต์ล้มลง ทำให้ได้รับบาดเจ็บถลอกที่ข้อศอกและหัวเข่าเล็กน้อย ส่วนรถเก๋งคันดังกล่าวได้ขับหลบหนีไปโดยไม่หยุดช่วยเหลือ,ร.ต.อ.วิชาญ ชัยชนะ,อยู่ระหว่างสอบสวน,ตรวจสอบภาพจากกล้องวงจรปิดของ กทม. และร้านค้าบริเวณใกล้เคียงเพื่อหารายละเอียดรถคู่กรณี
2568-188,2025-07-05,09:45 น.,นางอรทัย มีสุข,091-234-5678,ลักทรัพย์,คอนโดมิเนียมสุขสบาย เรสซิเดนซ์ ชั้น 8,ข้อมูลไม่เพียงพอที่จะระบุเขต,unknown,"เมื่อคืนวันที่ 4 กรกฎาคม 2568 ระหว่างเวลา 23:00 น. ถึง 07:00 น. ของเช้าวันที่ 5 กรกฎาคม นางอรทัยได้ล็อคห้องพักเพื่อเข้านอน เมื่อตื่นเช้ามาพบว่าหน้าต่างระเบียงห้องถูกงัดแงะ และมีร่องรอยการรื้อค้นภายในห้อง สร้อยคอทองคำหนัก 1 บาท พร้อมจี้เพชร มูลค่าประมาณ 40,000 บาท ซึ่งเก็บอยู่ในตู้เซฟเล็กๆ ใต้เตียงได้หายไป นอกจากนี้ ยังพบว่าโทรศัพท์มือถือยี่ห้อ iPhone 15 Pro Max สีน้ำเงิน มูลค่าประมาณ 45,000 บาท ที่วางอยู่ข้างเตียงก็หายไปด้วย คาดว่าคนร้ายปีนขึ้นมาทางระเบียง",ร.ต.อ.วิชาญ ชัยชนะ,อยู่ระหว่างสอบสวน,ประสานนิติบุคคลคอนโดเพื่อขอดูกล้องวงจรปิดทางเข้าออกและบริเวณใกล้เคียง
2568-189,2025-07-05,16:10 น.,นายปรีชา ช่างกล้า,063-456-7890,บัญชีม้า,ปั๊มน้ำมัน ปตท. สาขาถนนรัชดาภิเษก,เขตจตุจักร,กรุงเทพ,"นายปรีชาได้รับการติดต่อทางโทรศัพท์จากบุคคลที่อ้างว่าเป็นพนักงานธนาคารเมื่อวันที่ 3 กรกฎาคม 2568 โดยแจ้งว่าบัญชีของนายปรีชามีปัญหาและต้องอัปเดตข้อมูล มิฉะนั้นบัญชีจะถูกระงับ ผู้แจ้งความหลงเชื่อและทำตามคำแนะนำของผู้โทร โดยการโอนเงินจำนวน 30,000 บาท เข้าบัญชีปลายทางที่ระบุมา เมื่อตรวจสอบกับธนาคารที่แท้จริงภายหลัง จึงทราบว่าถูกหลอก",ร.ต.อ.วิชาญ ชัยชนะ,อยู่ระหว่างสอบสวน,รวบรวมหลักฐานการสนทนาทางโทรศัพท์และสลิปการโอนเงิน เพื่อตรวจสอบข้อมูลบัญชีปลายทาง
2568-191,2025-07-05,13:00 น.,นายสมชาย ชาญชัย,092-123-4567,ลักทรัพย์,ห้างสรรพสินค้าเอ็มควอเทียร์ (แผนกเครื่องประดับ),เขตวัฒนา,กรุงเทพ,"เมื่อวันที่ 2025-07-05 เวลา 12:45 น. นายสมชายทำนาฬิกาข้อมือยี่ห้อ Patek Philippe มูลค่า 500,000 บาท หายขณะเลือกซื้อสินค้า ภายในมีเงินสด 50,000 บาท, บัตรประชาชน, และบัตรเครดิต",พ.ต.ท.หญิงปรีดา ศรีสุข,อยู่ระหว่างสอบสวน,ประสานงานร้านค้าบริเวณที่คาดว่าทำหายและตรวจสอบกล้องวงจรปิด
2568-192,2025-07-06,08:00 น.,นางสาวณิชา พงศ์เพ็ชร,086-555-1111,อุบัติเหตุจราจร,ซอยเล็กๆ ใกล้ตลาดนัดจตุจักร,เขตจตุจักร,กรุงเทพ,เมื่อวันที่ 6 กรกฎาคม 2568 เวลาประมาณ 07:40 น. ขณะที่นางสาวณิชาขับรถจักรยานยนต์ผ่านซอยดังกล่าว ได้มีรถยนต์กระบะสีขาว (ไม่ทราบยี่ห้อและทะเบียน) ถอยออกจากซอยโดยไม่ทันระวัง ทำให้ชนเข้ากับรถจักรยานยนต์ของนางสาวณิชาล้มลง คนขับรถกระบะได้ขับหลบหนีไปทันที นางสาวณิชาได้รับบาดเจ็บถลอกบริเวณแขนและขาเล็กน้อย และรถจักรยานยนต์ได้รับความเสียหายที่กระจกมองข้างและไฟหน้าแตก,พ.ต.ท.หญิงปรีดา ศรีสุข,อยู่ระหว่างสอบสวน,ตรวจสอบกล้องวงจรปิดจากร้านค้าบริเวณปากซอย และสอบถามพยานผู้เห็นเหตุการณ์
2568-193,2025-07-06,13:30 น.,นายวิชัย กำลังใจ,098-999-0000,แจ้งความเท็จ,บ้านเลขที่ 45/22 หมู่บ้านพฤกษาภิรมย์,ข้อมูลไม่เพียงพอที่จะระบุเขต,unknown,นายวิชัยมาแจ้งความว่า ถูกนายสมชาย (เพื่อนบ้าน) แจ้งความเท็จเรื่องการบุกรุกที่ดิน โดยอ้างว่านายสมชายไม่พอใจที่นายวิชัยตัดแต่งกิ่งไม้ที่ล้ำเข้ามาในเขตบ้านตนเอง และพยายามจะกล่าวหาว่านายวิชัยบุกรุกพื้นที่ของตน ทั้งที่ได้แจ้งเตือนหลายครั้งแล้วแต่ไม่ได้รับการแก้ไข จึงต้องการมาแจ้งความเพื่อยืนยันความบริสุทธิ์และเพื่อดำเนินการทางกฎหมายกลับ,ร.ต.อ.วิชาญ ชัยชนะ,อยู่ระหว่างสอบสวน,ประสานงานกับฝ่ายกฎหมายของทั้งสองฝ่าย และตรวจสอบเอกสารสิทธิ์ที่ดิน
2568-194,2025-07-06,13:00 น.,นายสุรศักดิ์ ใจกล้า,091-777-8888,คอมพิวเตอร์,ร้านเกมออนไลน์แห่งหนึ่ง ย่านบางกะปิ,เขตบางกะปิ,กรุงเทพ,"เมื่อวันที่ 2025-07-05 นายสุรศักดิ์ถูกหลอกให้ติดตั้งโปรแกรม ""ดูดเงิน"" ขณะเล่นเกมออนไลน์ ทำให้เงินในบัญชีเกมและบัญชีธนาคารถูกถอนออกไป 10,000 บาท",ร.ต.อ.วิชาญ ชัยชนะ,อยู่ระหว่างสอบสวน,ประสานงานกับกองบังคับการปราบปรามการกระทำความผิดเกี่ยวกับอาชญากรรมทางเทคโนโลยี (ปอท.)
2568-195,2025-07-07,10:00 น.,นางสายฝน รุ่งเรือง,080-111-2222,ของหาย,ศูนย์การค้าเมกาบางนา,จังหวัดสมุทรปราการ,จังหวัดสมุทรปราการ,"เมื่อวันที่ 7 กรกฎาคม 2568 เวลาประมาณ 09:30 น. นางสายฝนได้ทำกระเป๋าสตางค์แบบหนังสีดำหายขณะเดินซื้อของในโซนเสื้อผ้าของศูนย์การค้า ภายในกระเป๋ามีเงินสด 5,000 บาท บัตรประชาชน ใบขับขี่ และบัตรเครดิต 3 ใบ รวมถึงนามบัตรสำคัญจำนวนหนึ่ง เธอพยายามเดินย้อนกลับไปหาแต่ไม่พบ จึงมาแจ้งความเพื่อลงบันทึกประจำวันและดำเนินการอายัดบัตรเครดิตต่างๆ",พ.ต.ท.หญิงปรีดา ศรีสุข,อยู่ระหว่างสอบสวน,ประสานเจ้าหน้าที่รักษาความปลอดภัยของศูนย์การค้าเพื่อขอดูกล้องวงจรปิดในบริเวณดังกล่าว
2568-196,2025-07-08,14:00 น.,นางวิไล วัฒนา,085-666-7777,ฉ้อโกง,ตลาดสดคลองเตย,เขตคลองเตย,กรุงเทพ,"เมื่อวันที่ 8 กรกฎาคม 2568 เวลาประมาณ 13:45 น. นางวิไลถูกชายไม่ทราบชื่อ (ประมาณอายุ 40-50 ปี สวมเสื้อยืดสีขาว) เข้ามาตีสนิทและหลอกขายลอตเตอรี่ปลอม โดยอ้างว่าเป็นลอตเตอรี่รางวัลที่ 1 ที่ยังไม่ได้ขึ้นเงิน แต่ตนเองร้อนเงินจึงต้องการขายต่อในราคาถูก นางวิไลหลงเชื่อและจ่ายเงินสดไป 5,000 บาท เมื่อนำลอตเตอรี่ไปตรวจสอบภายหลังจึงพบว่าเป็นของปลอม",ร.ต.อ.วิชาญ ชัยชนะ,อยู่ระหว่างสอบสวน,สอบปากคำพยานแม่ค้าในตลาด และตรวจสอบกล้องวงจรปิดในบริเวณตลาดเพื่อหารูปพรรณสัณฐานผู้กระทำผิด
2568-197,2025-07-08,10:00 น.,นายสมคิด บุญมา,085-111-2222,ฆาตกรรม,โรงงานผลิตเครื่องใช้ไฟฟ้าแห่งหนึ่งในจังหวัดสมุทรปราการ,จังหวัดสมุทรปราการ,จังหวัดสมุทรปราการ,เมื่อวันที่ 2025-07-07 เวลาประมาณ 23:00 น. พบศพนายบัญชา ซึ่งเป็นพนักงานในโรงงาน เสียชีวิตอยู่ภายในโรงงาน มีบาดแผลถูกของมีคมแทงหลายแห่ง,ร.ต.อ.วิชาญ ชัยชนะ,อยู่ระหว่างสอบสวน,ส่งศพชันสูตรเพื่อหาสาเหตุการเสียชีวิตและเก็บหลักฐานในที่เกิดเหตุ
2568-198,2025-07-09,09:00 น.,บริษัท โชคดีขนส่ง จำกัด (โดยนายบัญชา ผู้นำ),02-888-9999,ลักทรัพย์,โกดังเก็บสินค้า ถนนบางนา-ตราด กม.10,จังหวัดสมุทรปราการ,จังหวัดสมุทรปราการ,"เมื่อวันที่ 9 กรกฎาคม 2568 เวลาประมาณ 08:30 น. พนักงานของบริษัท โชคดีขนส่ง จำกัด ได้ตรวจพบว่าพัสดุจำนวน 20 กล่อง ซึ่งบรรจุสินค้าอิเล็กทรอนิกส์ (หูฟังไร้สายยี่ห้อดัง) มูลค่ารวมประมาณ 150,000 บาท ได้หายไปจากโกดังเก็บสินค้า พัสดุดังกล่าวเตรียมรอการจัดส่งให้กับลูกค้า แต่เมื่อตรวจสอบพบว่าจำนวนไม่ตรงตามบันทึกการรับเข้า และมีร่องรอยการงัดแงะที่ประตูหลังโกดังเล็กน้อย คาดว่าถูกลักไปในช่วงกลางคืน",พ.ต.ท.หญิงปรีดา ศรีสุข,อยู่ระหว่างสอบสวน,"ตรวจสอบบันทึกการเข้าออกโกดัง, กล้องวงจรปิด, และสอบปากคำพนักงานที่เกี่ยวข้อง"
2568-199,2025-07-10,10:30 น.,นายสุชาติ พลเมืองดี,081-567-8901,ฆาตกรรม,บ้านพักแห่งหนึ่งในจังหวัดเชียงใหม่,จังหวัดเชียงใหม่,จังหวัดเชียงใหม่,เมื่อวันที่ 2025-07-09 เวลาประมาณ 22:00 น. พบศพนายสมนึก นอนเสียชีวิตอยู่ภายในบ้านพัก มีบาดแผลถูกแทงด้วยของมีคมหลายแห่ง คาดว่าเสียชีวิตมาแล้วไม่ต่ำกว่า 10 ชั่วโมง,ร.ต.อ.วิชาญ ชัยชนะ,อยู่ระหว่างสอบสวน,ส่งศพชันสูตรเพื่อหาสาเหตุการเสียชีวิตและเก็บหลักฐานเพิ่มเติม
2568-200,2025-07-11,10:00 น.,นางอรุณี แสงดาว,081-000-1111,ลักทรัพย์,ร้านสะดวกซื้อ 7-Eleven สาขาซอย 101/1,ข้อมูลไม่เพียงพอที่จะระบุเขต,unknown,เมื่อวันที่ 2025-07-07 เวลาประมาณ 09:30 น. กล้องวงจรปิดของร้านจับภาพชายคนหนึ่งขโมยสินค้าจำพวกเครื่องดื่มชูกำลังและขนมขบเคี้ยวไปเป็นจำนวนมาก มูลค่ารวมประมาณ 800 บาท ก่อนจะวิ่งหลบหนีออกจากร้านไป,ร.ต.อ.วิชาญ ชัยชนะ,อยู่ระหว่างสอบสวน,ตรวจสอบภาพจากกล้องวงจรปิดเพื่อระบุตัวผู้ต้องสงสัย
2568-201,2025-07-08,15:30 น.,คุณสุดารัตน์ พุ่มไม้,082-123-4567,ทะเลาะวิวาท,"อพาร์ตเมนต์ ""สบายดีคอนโด"" ห้อง 501",ข้อมูลไม่เพียงพอที่จะระบุเขต,unknown,เมื่อวันที่ 2025-07-08 เวลาประมาณ 15:00 น. คุณสุดารัตน์มีปากเสียงอย่างรุนแรงกับผู้เช่าห้องข้างๆ (นายชูศักดิ์) เรื่องเสียงดังรบกวนจากการเลี้ยงสุนัข การโต้เถียงบานปลายจนมีการขว้างปาสิ่งของใส่กันแต่ไม่มีใครบาดเจ็บ,ร.ต.อ.วิชาญ ชัยชนะ,อยู่ระหว่างสอบสวน,ประสานนิติบุคคลอาคารชุดเพื่อไกล่เกลี่ย
2568-202,2025-07-09,09:00 น.,คุณสมบัติ ศรีใส,063-234-5678,ลักทรัพย์,บ้านพัก ซอยรามคำแหง 29,เขตบางกะปิ,กรุงเทพ,"เมื่อวันที่ 2025-07-08 เวลาประมาณ 01:00 น. คุณสมบัติกลับจากทำงานพบว่าประตูหน้าต่างหลังบ้านถูกงัดแงะ ทีวีจอแบนขนาด 55 นิ้ว ยี่ห้อ Samsung มูลค่า 35,000 บาท และเครื่องเล่นเกม PlayStation 5 มูลค่า 20,000 บาท ได้หายไป",พ.ต.ท.หญิงปรีดา ศรีสุข,อยู่ระหว่างสอบสวน,ตรวจสอบรอยนิ้วมือแฝงและกล้องวงจรปิดใกล้เคียง
2568-203,2025-07-10,11:45 น.,คุณพรชัย พึ่งพิง,088-345-6789,บัญชีม้า,"บริษัท ""รุ่งโรจน์ การค้า"" ย่านบางรัก",เขตบางรัก,กรุงเทพ,"เมื่อวันที่ 2025-07-07 คุณพรชัยถูกกลุ่มมิจฉาชีพหลอกให้ลงทุนในโครงการเกษตรอินทรีย์ปลอม โดยมีการโอนเงินไปจำนวน 500,000 บาท หลังโอนเงินไปแล้วไม่สามารถติดต่อผู้หลอกลวงได้อีก",ร.ต.อ.วิชาญ ชัยชนะ,อยู่ระหว่างสอบสวน,รวบรวมหลักฐานการโอนเงินและข้อมูลการติดต่อ
2568-204,2025-07-11,16:20 น.,คุณปรีดา วัฒนา,095-456-7890,อุบัติเหตุจราจร,ถนนเพชรเกษม (ใกล้ซีคอนบางแค),เขตภาษีเจริญ,กรุงเทพ,เมื่อวันที่ 2025-07-11 เวลาประมาณ 16:10 น. รถยนต์ของ คุณปรีดา ถูกรถกระบะที่ขับขี่ด้วยความเร็วสูงชนท้ายอย่างแรงขณะติดไฟแดง ทำให้รถของเธอได้รับความเสียหายที่ท้ายรถอย่างมาก ส่วนคนขับรถกระบะได้รับบาดเจ็บเล็กน้อย,พ.ต.ท.หญิงปรีดา ศรีสุข,อยู่ระหว่างสอบสวน,รอผลการตรวจสภาพรถและเจรจาประกัน
2568-205,2025-07-12,19:00 น.,คุณวรพล สุขสันต์,061-567-8901,ทำร้ายร่างกาย,สถานีรถไฟฟ้าบีทีเอสชิดลม,เขตปทุมวัน,กรุงเทพ,เมื่อวันที่ 2025-07-12 เวลาประมาณ 18:45 น. คุณวรพลถูกชายแปลกหน้า (ประมาณอายุ 20-25 ปี) ทำร้ายร่างกายด้วยการชกต่อยและเตะ เนื่องจากไม่พอใจที่ถูกมองหน้า คุณวรพลได้รับบาดเจ็บฟกช้ำที่ใบหน้าและแขน,ร.ต.อ.วิชาญ ชัยชนะ,อยู่ระหว่างสอบสวน,ตรวจสอบกล้องวงจรปิดของสถานีรถไฟฟ้าและสอบพยาน
2568-206,2025-07-13,10:15 น.,คุณจินตนา พลอยงาม,083-678-9012,ของหาย,ตลาดนัดจตุจักร โครงการ 25,เขตจตุจักร,กรุงเทพ,"เมื่อวันที่ 2025-07-13 เวลาประมาณ 09:45 น. คุณจินตนาทำกระเป๋าสะพายข้างยี่ห้อ Michael Kors มูลค่า 8,000 บาท หายขณะเดินเลือกซื้อสินค้า ภายในมีเงินสด 2,000 บาท, บัตรประชาชน, และบัตรเครดิต",พ.ต.ท.หญิงปรีดา ศรีสุข,อยู่ระหว่างสอบสวน,ประสานงานร้านค้าบริเวณที่คาดว่าทำหายและตรวจสอบกล้องวงจรปิด
2568-207,2025-07-14,08:30 น.,คุณดำรงค์ ใจกล้า,094-789-0123,ลักทรัพย์,"คอนโดมิเนียม ""ลีฟวิ่ง เพลส"" ห้อง 1203",ข้อมูลไม่เพียงพอที่จะระบุเขต,unknown,"เมื่อคืนวันที่ 2025-07-13 ระหว่างเวลา 23:00 น. ถึง 06:00 น. ของเช้าวันที่ 2025-07-14 คุณดำรงค์พบว่าประตูห้องพักถูกงัดแงะ และนาฬิกาข้อมือยี่ห้อ Tag Heuer มูลค่า 80,000 บาท พร้อมเงินสด 15,000 บาท ได้หายไปจากลิ้นชักโต๊ะข้างเตียง",ร.ต.อ.วิชาญ ชัยชนะ,อยู่ระหว่างสอบสวน,ตรวจสอบรอยนิ้วมือแฝงและกล้องวงจรปิดของคอนโดมิเนียม
2568-208,2025-07-15,13:00 น.,คุณเสาวลักษณ์ เมตตา,065-890-1234,ฉ้อโกง,"ร้านค้าปลีก ""บิ๊กซี ซูเปอร์เซ็นเตอร์"" สาขารามคำแหง",เขตบางกะปิ,กรุงเทพ,"เมื่อวันที่ 2025-07-14 คุณเสาวลักษณ์ถูกหญิงคนหนึ่งหลอกให้ซื้อคูปองส่วนลดปลอม โดยอ้างว่าจะได้รับส่วนลดพิเศษจำนวนมาก หากซื้อคูปองในราคา 5,000 บาท เมื่อนำไปใช้ที่เคาน์เตอร์จึงพบว่าเป็นคูปองปลอม",พ.ต.ท.หญิงปรีดา ศรีสุข,อยู่ระหว่างสอบสวน,สอบปากคำพยานและตรวจสอบกล้องวงจรปิดในบริเวณจุดเกิดเหตุ
2568-209,2025-07-16,17:45 น.,คุณมนตรี ศรีสุข,086-901-2345,อุบัติเหตุจราจร,ถนนรัชดาภิเษก (ใกล้ MRT ศูนย์วัฒนธรรมฯ),เขตห้วยขวาง,กรุงเทพ,เมื่อวันที่ 2025-07-16 เวลาประมาณ 17:30 น. รถยนต์ของ คุณมนตรี ถูกรถจักรยานยนต์ที่ขับขี่มาด้วยความเร็วสูงชนท้ายอย่างแรงขณะจอดติดไฟแดง ทำให้รถของเขาได้รับความเสียหายที่ท้ายรถอย่างมาก ส่วนคนขับรถจักรยานยนต์ได้รับบาดเจ็บสาหัสและถูกนำส่งโรงพยาบาล,ร.ต.อ.วิชาญ ชัยชนะ,อยู่ระหว่างสอบสวน,รอผลการรักษาผู้บาดเจ็บและตรวจสอบกล้องวงจรปิดจราจร
2568-210,2025-07-17,10:00 น.,คุณสมยศ พลเมือง,089-012-3456,ทำร้ายร่างกาย,สนามกีฬาแห่งชาติ,เขตปทุมวัน,กรุงเทพ,เมื่อวันที่ 2025-07-17 เวลาประมาณ 09:30 น. คุณสมยศถูกชายไม่ทราบชื่อ (ประมาณอายุ 25-30 ปี) ทำร้ายร่างกายด้วยการชกต่อยและเตะ เนื่องจากไม่พอใจที่ถูกเตะบอลพลาดไปโดนตัว คุณสมยศได้รับบาดเจ็บฟกช้ำที่ใบหน้าและลำตัว,พ.ต.ท.หญิงปรีดา ศรีสุข,อยู่ระหว่างสอบสวน,ตรวจสอบกล้องวงจรปิดของสนามกีฬาและสอบพยาน
2568-211,2025-07-18,12:10 น.,คุณดวงพร รุ่งโรจน์,061-123-4567,ของหาย,สวนสัตว์เปิดเขาเขียว,จังหวัดชลบุรี,จังหวัดชลบุรี,"เมื่อวันที่ 2025-07-18 เวลาประมาณ 11:45 น. คุณดวงพรทำโทรศัพท์มือถือยี่ห้อ Samsung Galaxy S25 Ultra สีดำ มูลค่า 45,000 บาท หล่นหายไปขณะเดินชมสัตว์ เธอพยายามเดินย้อนหาแล้วแต่ไม่พบ",ร.ต.อ.วิชาญ ชัยชนะ,อยู่ระหว่างสอบสวน,ประสานงานกับเจ้าหน้าที่สวนสัตว์เพื่อตรวจสอบพื้นที่และสอบถามผู้พบเห็น
2568-212,2025-07-19,09:30 น.,คุณธนาธิป สุขเจริญ,082-234-5678,ลักทรัพย์,"บริษัท ""เวิลด์ทัวร์ จำกัด"" ย่านบางกะปิ",เขตบางกะปิ,กรุงเทพ,"เมื่อคืนวันที่ 2025-07-18 ระหว่างเวลา 22:00 น. ถึง 07:00 น. ของเช้าวันที่ 2025-07-19 คอมพิวเตอร์โน้ตบุ๊กยี่ห้อ MacBook Pro มูลค่า 60,000 บาท จำนวน 2 เครื่อง ได้หายไปจากสำนักงาน มีร่องรอยการงัดแงะที่ประตูหลัง",พ.ต.ท.หญิงปรีดา ศรีสุข,อยู่ระหว่างสอบสวน,ตรวจสอบกล้องวงจรปิดของบริษัทและเก็บลายนิ้วมือแฝง
2568-213,2025-07-20,14:00 น.,คุณวิไลลักษณ์ แสงเดือน,063-345-6789,ฉ้อโกง,ตลาดสดปากเกร็ด,จังหวัดนนทบุรี,จังหวัดนนทบุรี,"เมื่อวันที่ 2025-07-19 คุณวิไลลักษณ์ถูกหญิงสูงอายุคนหนึ่งหลอกขายยาสมุนไพรปลอม โดยอ้างสรรพคุณเกินจริงและเรียกเก็บเงินในราคาสูงถึง 12,000 บาท เมื่อนำยาสมุนไพรไปให้แพทย์ตรวจสอบจึงทราบว่าเป็นของปลอม",ร.ต.อ.วิชาญ ชัยชนะ,อยู่ระหว่างสอบสวน,สอบปากคำพยานแม่ค้าในตลาดและตรวจสอบกล้องวงจรปิดบริเวณแผงขายของ
2568-214,2025-07-21,08:00 น.,คุณเกรียงไกร มีชัย,088-456-7890,อุบัติเหตุจราจร,ซอยสุขุมวิท 49 (ใกล้ปากซอย),เขตวัฒนา,กรุงเทพ,เมื่อวันที่ 2025-07-21 เวลาประมาณ 07:45 น. คุณเกรียงไกรขับรถจักรยานยนต์ถูกรถยนต์เก๋งสีดำ (จำทะเบียนไม่ได้) ที่จอดอยู่ริมถนนเปิดประตูโดยไม่ทันระวัง ทำให้รถจักรยานยนต์ชนเข้าที่ประตูและคุณเกรียงไกรล้มลงเล็กน้อย รถยนต์คันดังกล่าวได้ขับออกไปอย่างรวดเร็ว,พ.ต.ท.หญิงปรีดา ศรีสุข,อยู่ระหว่างสอบสวน,ตรวจสอบกล้องวงจรปิดจากอาคารและร้านค้าบริเวณใกล้เคียง
2568-215,2025-07-22,17:30 น.,คุณอรุณ ศรีสวัสดิ์,095-567-8901,ลักทรัพย์,ลานจอดรถห้างสรรพสินค้าเซ็นทรัลเวสต์เกต,จังหวัดนนทบุรี,จังหวัดนนทบุรี,"เมื่อวันที่ 2025-07-22 เวลาประมาณ 17:15 น. คุณอรุณกลับมาที่รถยนต์ของตนเองหลังจากการซื้อของ พบว่ากระจกหน้าต่างด้านหลังฝั่งซ้ายถูกทุบแตก และกระเป๋ากล้องถ่ายรูป Nikon พร้อมเลนส์ มูลค่ารวม 70,000 บาท ที่วางอยู่เบาะหลังได้หายไป",ร.ต.อ.วิชาญ ชัยชนะ,อยู่ระหว่างสอบสวน,ประสานงานกับเจ้าหน้าที่รักษาความปลอดภัยของห้างเพื่อขอดูกล้องวงจรปิดในลานจอดรถ
2568-216,2025-07-23,10:00 น.,คุณนงลักษณ์ บรรเจิด,061-678-9012,ของหาย,ตลาดสดบางใหญ่,จังหวัดนนทบุรี,จังหวัดนนทบุรี,"เมื่อวันที่ 2025-07-23 เวลาประมาณ 09:30 น. คุณนงลักษณ์ทำกระเป๋าเงินแบบผ้าสีเขียวหายขณะเดินซื้อของ ภายในมีเงินสด 3,500 บาท, บัตร ATM, และบัตรเครดิต",พ.ต.ท.หญิงปรีดา ศรีสุข,อยู่ระหว่างสอบสวน,ประสานงานร้านค้าบริเวณที่คาดว่าทำหาย
2568-217,2025-07-24,08:15 น.,คุณอดิเทพ เลิศลบ,083-789-0123,ลักทรัพย์,"ร้านทอง ""ทองสิริ"" ย่านบางนา",เขตบางนา,กรุงเทพ,เมื่อวันที่ 2025-07-24 เวลา 08:05 น. ชายคนหนึ่งวิ่งราวสร้อยคอทองคำหนัก 1 บาท จากหน้าร้านทองไปต่อหน้าพนักงานขาย คุณอดิเทพซึ่งเป็นเจ้าของร้านได้พยายามวิ่งตามแต่ไม่ทัน,ร.ต.อ.วิชาญ ชัยชนะ,อยู่ระหว่างสอบสวน,ตรวจสอบกล้องวงจรปิดหน้าร้านและเส้นทางหลบหนี
2568-218,2025-07-25,11:30 น.,คุณกัญญาภัสร์ ใจดี,094-890-1234,บัญชีม้า,บ้านพัก ซอยอ่อนนุช 17,เขตสวนหลวง,กรุงเทพ,"เมื่อวันที่ 2025-07-23 คุณกัญญาภัสร์ถูกแก๊งคอลเซ็นเตอร์หลอกว่าพัสดุผิดกฎหมาย และต้องโอนเงินเพื่อตรวจสอบบัญชี เธอหลงเชื่อและโอนเงินไป 100,000 บาท",พ.ต.ท.หญิงปรีดา ศรีสุข,อยู่ระหว่างสอบสวน,อายัดบัญชีปลายทางและรวบรวมหลักฐานการสนทนา
2568-219,2025-07-26,19:00 น.,คุณธนภูมิ ชัยชนะ,065-901-2345,ทำร้ายร่างกาย,"บาร์ ""ไนท์ไลฟ์"" ย่านทองหล่อ",เขตวัฒนา,กรุงเทพ,เมื่อวันที่ 2025-07-26 เวลา 18:40 น. คุณธนภูมิถูกกลุ่มวัยรุ่นประมาณ 4 คน รุมทำร้ายร่างกายบริเวณหน้าร้านอาหาร หลังมีปากเสียงกันเรื่องการแย่งที่นั่ง คุณธนภูมิได้รับบาดเจ็บที่ใบหน้าและลำตัว,ร.ต.อ.วิชาญ ชัยชนะ,อยู่ระหว่างสอบสวน,สอบปากคำพยานและตรวจสอบกล้องวงจรปิดของบาร์
2568-220,2025-07-27,11:00 น.,คุณพงศธร ประสพสุข,086-012-3456,ของหาย,สวนสาธารณะเฉลิมพระเกียรติ,ข้อมูลไม่เพียงพอที่จะระบุเขต,unknown,"เมื่อวันที่ 2025-07-27 เวลา 10:40 น. คุณพงศธรทำโทรศัพท์มือถือยี่ห้อ Vivo X100 Pro สีน้ำเงิน มูลค่า 35,000 บาท หล่นหายไปขณะเดินออกกำลังกาย เขาได้พยายามเดินหาในบริเวณดังกล่าวแล้วแต่ไม่พบ",ร.ต.อ.วิชาญ ชัยชนะ,อยู่ระหว่างสอบสวน,ประสานงานกับเจ้าหน้าที่สวนเพื่อตรวจสอบพื้นที่และสอบถามผู้พบเห็น
2568-221,2025-07-28,08:45 น.,คุณอนันต์ ดีพร้อม,089-123-4567,ลักทรัพย์,"บริษัท ""ขนส่งด่วน เอ็กซ์เพรส"" สำนักงานใหญ่",ข้อมูลไม่เพียงพอที่จะระบุเขต,unknown,"เมื่อคืนวันที่ 2025-07-27 ระหว่างเวลา 23:00 น. ถึง 06:00 น. ของเช้าวันที่ 2025-07-28 พัสดุอิเล็กทรอนิกส์ขนาดเล็กจำนวน 70 กล่อง มูลค่ารวม 150,000 บาท ได้หายไปจากคลังสินค้า มีร่องรอยการตัดโซ่ประตูหลัง",พ.ต.ท.หญิงปรีดา ศรีสุข,อยู่ระหว่างสอบสวน,ตรวจสอบกล้องวงจรปิดของบริษัทและเก็บหลักฐานรอยเท้าในที่เกิดเหตุ
2568-222,2025-07-29,16:00 น.,คุณพัชราพร เที่ยงธรรม,061-234-5678,อุบัติเหตุจราจร,ซอยลาดพร้าว 87 (ใกล้ร้านสะดวกซื้อ),เขตวังทองหลาง,กรุงเทพ,เมื่อวันที่ 2025-07-29 เวลา 15:50 น. คุณพัชราพรขับรถยนต์ถูกรถจักรยานยนต์ที่ขับสวนเลนมาพุ่งชนบริเวณด้านหน้าอย่างจัง รถจักรยานยนต์ได้รับความเสียหายหนัก ส่วนรถยนต์ของ คุณพัชราพรได้รับความเสียหายที่กันชนหน้า คนขับจักรยานยนต์บาดเจ็บสาหัส,ร.ต.อ.วิชาญ ชัยชนะ,อยู่ระหว่างสอบสวน,ส่งเรื่องให้หน่วยพิสูจน์หลักฐานและรอผลชันสูตรพลิกศพของคู่กรณี
2568-223,2025-07-30,13:00 น.,คุณเอกภพ ศิริ,082-345-6789,บัญชีม้า,สถาบันสอนภาษาแห่งหนึ่ง ย่านสามย่านมิตรทาวน์,เขตปทุมวัน,กรุงเทพ,"เมื่อวันที่ 2025-07-28 คุณเอกภพถูกเพื่อนร่วมงาน (คุณสุเมธ) หลอกให้ร่วมลงทุนในธุรกิจซื้อขายสกุลเงินดิจิทัล โดยอ้างว่าจะได้รับผลตอบแทนสูง แต่เมื่อโอนเงินไป 300,000 บาทแล้ว คุณสุเมธก็ขาดการติดต่อไป",พ.ต.ท.หญิงปรีดา ศรีสุข,อยู่ระหว่างสอบสวน,รวบรวมหลักฐานการสนทนาและสลิปการโอนเงิน
2568-224,2025-07-31,09:10 น.,คุณรัศมี สงบจิต,063-456-7890,แจ้งความเท็จ,บ้านพัก หมู่บ้านเดอะพาร์ค ถนนราชพฤกษ์,ข้อมูลไม่เพียงพอที่จะระบุเขต,unknown,คุณรัศมีมาแจ้งความว่าถูกเพื่อนบ้าน (คุณสมคิด) แจ้งความเท็จเรื่องการร้องเรียนเสียงดังรบกวนจากงานเลี้ยงสังสรรค์ในบ้าน ทั้งที่เธอจัดงานเพียงเล็กน้อยและอยู่ในช่วงเวลาที่เหมาะสม และเกรงว่าจะถูกกลั่นแกล้ง,ร.ต.อ.วิชาญ ชัยชนะ,อยู่ระหว่างสอบสวน,สอบปากคำคู่กรณีทั้งสองฝ่ายและพยานในพื้นที่
2568-225,2025-08-01,17:00 น.,คุณภาคภูมิ อารี,088-567-8901,ลักทรัพย์,ลานจอดรถห้างสรรพสินค้าเซ็นทรัลปิ่นเกล้า,เขตบางกอกน้อย,กรุงเทพ,"เมื่อวันที่ 2025-08-01 เวลา 16:45 น. คุณภาคภูมิกลับมาที่รถยนต์ของตนเองหลังจากการชมภาพยนตร์ พบว่ากระจกหน้าต่างด้านคนขับถูกทุบแตก และกระเป๋าสะพายข้างยี่ห้อ Gucci ภายในมีเอกสารสำคัญและเงินสด 20,000 บาท ได้หายไป",พ.ต.ท.หญิงปรีดา ศรีสุข,อยู่ระหว่างสอบสวน,ประสานงานกับเจ้าหน้าที่รักษาความปลอดภัยของห้างเพื่อขอดูกล้องวงจรปิดในลานจอดรถ
2568-226,2025-08-02,10:15 น.,คุณลัดดาวัลย์ มั่นคง,095-678-9012,ฉ้อโกง,ตลาดสดนนทบุรี,จังหวัดนนทบุรี,จังหวัดนนทบุรี,"เมื่อวันที่ 2025-08-01 คุณลัดดาวัลย์ถูกหญิงสาวคนหนึ่งหลอกขายทองคำปลอมในราคาต่ำกว่าท้องตลาด โดยอ้างว่าเป็นทองรูปพรรณที่ได้มาอย่างเร่งด่วน คุณลัดดาวัลย์หลงเชื่อและซื้อไปในราคา 15,000 บาท เมื่อนำไปตรวจสอบที่ร้านทองจึงทราบว่าเป็นทองปลอม",ร.ต.อ.วิชาญ ชัยชนะ,อยู่ระหว่างสอบสวน,สอบปากคำพยานแม่ค้าในตลาดและตรวจสอบกล้องวงจรปิดบริเวณแผงขายของ
2568-227,2025-08-03,13:50 น.,คุณวิษณุชัย เกิดแสง,061-789-0123,อุบัติเหตุจราจร,ถนนศรีนครินทร์ ซอย 50,เขตประเวศ,กรุงเทพ,เมื่อวันที่ 2025-08-03 เวลา 13:40 น. รถยนต์ของ คุณวิษณุชัย ถูกรถกระบะที่ขับแซงซ้ายมาเบียด ทำให้รถเสียหลักไปชนท้ายรถยนต์ที่จอดอยู่ริมถนน รถของ คุณวิษณุชัย และรถยนต์ที่จอดอยู่ได้รับความเสียหายเล็กน้อย,พ.ต.ท.หญิงปรีดา ศรีสุข,อยู่ระหว่างสอบสวน,ตรวจสอบภาพจากกล้องวงจรปิดในซอยและสอบถามผู้เห็นเหตุการณ์
2568-228,2025-08-04,09:00 น.,คุณกมลรัตน์ รุ่งเรือง,083-890-1234,ของหาย,"ร้านกาแฟ ""คาเฟ่ อินเลิฟ"" ซอยอารีย์สัมพันธ์",เขตพญาไท,กรุงเทพ,"เมื่อวันที่ 2025-08-04 เวลา 08:30 น. คุณกมลรัตน์วางแท็บเล็ต Microsoft Surface Pro 10 สีเงิน มูลค่า 40,000 บาท ไว้บนโต๊ะในร้านกาแฟ เมื่อลุกไปเข้าห้องน้ำและกลับมาพบว่าแท็บเล็ตได้หายไปแล้ว",ร.ต.อ.วิชาญ ชัยชนะ,อยู่ระหว่างสอบสวน,ประสานงานกับเจ้าของร้านกาแฟเพื่อขอดูกล้องวงจรปิดภายในร้าน
2568-229,2025-08-05,18:20 น.,คุณอภิชาติ พัฒนา,094-901-2345,ทำร้ายร่างกาย,ลานจอดรถสวนสาธารณะเบญจกิติ,เขตคลองเตย,กรุงเทพ,เมื่อวันที่ 2025-08-05 เวลา 18:10 น. คุณอภิชาติถูกชายไม่ทราบชื่อ (ประมาณ 2 คน) เข้ามาทำร้ายร่างกายด้วยการชกต่อยและเตะ หลังจากการวิ่งออกกำลังกาย โดยไม่ทราบสาเหตุ คุณอภิชาติได้รับบาดเจ็บฟกช้ำตามใบหน้าและแขน,ร.ต.อ.วิชาญ ชัยชนะ,อยู่ระหว่างสอบสวน,ตรวจสอบกล้องวงจรปิดบริเวณทางเข้าออกสวนสาธารณะและสอบปากคำพยานที่อาจเห็นเหตุการณ์
2568-230,2025-08-06,11:50 น.,คุณศศิธร เจริญทรัพย์,065-012-3456,บัญชีม้า,"บริษัท ""คอนซัลท์ติ้ง วัน"" ย่านสาทร",เขตสาทร,กรุงเทพ,"เมื่อวันที่ 2025-08-04 คุณศศิธรได้รับการติดต่อจากบุคคลอ้างว่าเป็นเจ้าหน้าที่กรมสรรพากร แจ้งว่าเบอร์โทรศัพท์ของเธอถูกนำไปใช้ในกิจกรรมที่ผิดกฎหมาย และหลอกให้โอนเงินเพื่อยืนยันความบริสุทธิ์ เธอโอนเงินไป 90,000 บาท แต่ภายหลังพบว่าเป็นมิจฉาชีพ",พ.ต.ท.หญิงปรีดา ศรีสุข,อยู่ระหว่างสอบสวน,รวบรวมข้อมูลการโทรและสลิปการโอนเงินเพื่อติดตามบัญชีปลายทาง
2568-231,2025-08-07,14:00 น.,คุณปรีชาญ สุขจิต,086-123-4567,อุบัติเหตุจราจร,ถนนรัชดาภิเษก (ใกล้สถานี MRT ลาดพร้าว),เขตจตุจักร,กรุงเทพ,เมื่อวันที่ 2025-08-07 เวลา 13:45 น. รถยนต์ของ คุณปรีชาญ ถูกรถยนต์อีกคันที่ขับเปลี่ยนเลนกะทันหันพุ่งชนด้านข้าง ทำให้รถทั้งสองได้รับความเสียหาย คุณปรีชาญได้รับบาดเจ็บเล็กน้อยจากแรงกระแทก,ร.ต.อ.วิชาญ ชัยชนะ,อยู่ระหว่างสอบสวน,รอผลการสอบสวนเพิ่มเติมจากพนักงานสอบสวน
2568-232,2025-08-08,10:30 น.,คุณชนินทร แจ่มใส,089-234-5678,ลักทรัพย์,"โรงแรม ""แกรนด์พลาซ่า"" สุขุมวิท",ข้อมูลไม่เพียงพอที่จะระบุเขต,unknown,"เมื่อวันที่ 2025-08-08 เวลา 10:00 น. คุณชนินทรพบว่ากระเป๋าเดินทางแบบล้อลากของตนเองที่วางไว้ในล็อบบี้โรงแรมขณะเช็คอิน ได้หายไป ภายในมีเสื้อผ้า, เครื่องสำอาง, และเงินสด 12,000 บาท",พ.ต.ท.หญิงปรีดา ศรีสุข,อยู่ระหว่างสอบสวน,ตรวจสอบกล้องวงจรปิดของโรงแรมและสอบถามพนักงาน
2568-233,2025-08-09,11:00 น.,คุณมณเฑียร พรหมบุตร,061-345-6789,ของหาย,ท่าอากาศยานดอนเมือง (อาคารผู้โดยสารขาเข้า),เขตดอนเมือง,กรุงเทพ,เมื่อวันที่ 2025-08-09 เวลา 10:45 น. คุณมณเฑียรทำพาสปอร์ตและกระเป๋าคาดเอวหายขณะรอรับกระเป๋าเดินทาง ภายในมีเงินสกุลต่างประเทศ 700 ดอลลาร์สหรัฐฯ และเอกสารสำคัญส่วนตัว,ร.ต.อ.วิชาญ ชัยชนะ,อยู่ระหว่างสอบสวน,ประสานงานกับฝ่ายรักษาความปลอดภัยสนามบินและตรวจสอบกล้องวงจรปิด
2568-234,2025-08-10,15:00 น.,คุณสายสมร สุขใจ,082-456-7890,ฉ้อโกง,"ตลาดนัดกลางคืน ""สายลม"" หน้าเซ็นทรัลพระราม 2",เขตบางขุนเทียน,กรุงเทพ,"เมื่อวันที่ 2025-08-09 คุณสายสมรถูกหญิงคนหนึ่งหลอกให้ซื้อสินค้าปลอม (นาฬิกาแบรนด์เนมเลียนแบบ) ในราคาสูงถึง 15,000 บาท โดยอ้างว่าเป็นของแท้ลดราคา เมื่อนำไปตรวจสอบพบว่าเป็นของปลอมคุณภาพต่ำ",พ.ต.ท.หญิงปรีดา ศรีสุข,อยู่ระหว่างสอบสวน,สอบปากคำพยานและตรวจสอบกล้องวงจรปิดในบริเวณตลาด
2568-235,2025-08-11,10:40 น.,คุณสุเทพ ชนะศึก,063-567-8901,อุบัติเหตุจราจร,ถนนบรมราชชนนี ซอย 50,เขตตลิ่งชัน,กรุงเทพ,เมื่อวันที่ 2025-08-11 เวลา 10:30 น. รถยนต์ของ คุณสุเทพ ถูกรถจักรยานยนต์ที่ขับมาจากซอยชนบริเวณด้านข้าง คนขับจักรยานยนต์บาดเจ็บเล็กน้อย รถทั้งสองคันได้รับความเสียหายเล็กน้อย,ร.ต.อ.วิชาญ ชัยชนะ,อยู่ระหว่างสอบสวน,รอผลการเจรจาค่าเสียหายจากประกัน
2568-236,2025-08-12,09:20 น.,คุณบุญศรี กิจดี,088-678-9012,แจ้งความเท็จ,"โรงเรียนอนุบาล ""บ้านหนูน้อย"" แห่งหนึ่งในกรุงเทพฯ",ข้อมูลไม่เพียงพอที่จะระบุเขต,unknown,คุณบุญศรีซึ่งเป็นคุณครู มาแจ้งความว่าถูกผู้ปกครองนักเรียน (คุณสมเกียรติ) แจ้งความเท็จเรื่องการทำร้ายร่างกายนักเรียน ซึ่งไม่เป็นความจริง ทำให้เธอได้รับความเสียหายและเสียชื่อเสียง,พ.ต.ท.หญิงปรีดา ศรีสุข,อยู่ระหว่างสอบสวน,สอบปากคำนักเรียนและผู้ปกครองที่เกี่ยวข้อง พร้อมตรวจสอบพยานหลักฐานจากกล้องวงจรปิดของโรงเรียน
2568-237,2025-08-13,18:00 น.,คุณอัครพล กิจเจริญ,095-789-0123,ลักทรัพย์,"ลานจอดรถซุปเปอร์มาร์เก็ต ""โลตัส เอ็กซ์เพรส""",ข้อมูลไม่เพียงพอที่จะระบุเขต,unknown,"เมื่อวันที่ 2025-08-13 เวลา 17:45 น. คุณอัครพลกลับมาที่รถยนต์ของตนเองหลังจากการซื้อของ พบว่ากระจกหน้าต่างด้านคนขับถูกทุบแตก และกระเป๋าเอกสารภายในมีโน้ตบุ๊กยี่ห้อ HP มูลค่า 22,000 บาท ได้หายไป",ร.ต.อ.วิชาญ ชัยชนะ,อยู่ระหว่างสอบสวน,ประสานงานกับเจ้าหน้าที่รักษาความปลอดภัยของซุปเปอร์มาร์เก็ตเพื่อขอดูกล้องวงจรปิดในลานจอดรถ
2568-238,2025-08-14,11:30 น.,คุณปราณี กาญจน,061-890-1234,ฉ้อโกง,ตลาดสดบางกะปิ,เขตบางกะปิ,กรุงเทพ,"เมื่อวันที่ 2025-08-13 คุณปราณีถูกหญิงวัยกลางคนหลอกขายผลิตภัณฑ์เสริมอาหารปลอม โดยอ้างว่าสามารถรักษาโรคได้สารพัด และชักชวนให้ซื้อในราคาสูงถึง 18,000 บาท เมื่อนำผลิตภัณฑ์ไปตรวจสอบกับแพทย์จึงทราบว่าเป็นของปลอม",พ.ต.ท.หญิงปรีดา ศรีสุข,อยู่ระหว่างสอบสวน,สอบปากคำพยานและตรวจสอบกล้องวงจรปิดบริเวณแผงขายสินค้า
2568-239,2025-08-15,14:20 น.,คุณวิโรจน์ แสงสว่าง,083-901-2345,อุบัติเหตุจราจร,ถนนพระราม 3 ใกล้สะพานภูมิพล,เขตยานนาวา,กรุงเทพ,เมื่อวันที่ 2025-08-15 เวลา 14:10 น. รถยนต์ของ คุณวิโรจน์ ถูกรถยนต์ที่ขับตามหลังมาชนท้ายอย่างจัง เนื่องจากรถคันหลังเบรกไม่ทัน รถทั้งสองคันได้รับความเสียหายเล็กน้อย ไม่มีผู้บาดเจ็บ,ร.ต.อ.วิชาญ ชัยชนะ,ยุติการสอบสวน,คู่กรณีตกลงค่าเสียหายและเคลียร์กันได้เรียบร้อย
2568-240,2025-08-16,11:00 น.,คุณดวงตา ใจดี,094-012-3456,ทะเลาะวิวาท,บ้านพัก ซอยรามคำแหง 50,เขตบางกะปิ,กรุงเทพ,เมื่อวันที่ 2025-08-15 เวลาประมาณ 21:00 น. คุณดวงตามีปากเสียงอย่างรุนแรงกับผู้เช่าห้องข้างๆ (คุณสมหญิง) เรื่องเสียงดังรบกวนจากการเปิดเพลงเสียงดัง การโต้เถียงบานปลายจนมีการผลักดันกันเล็กน้อยแต่ไม่มีใครบาดเจ็บ,ร.ต.อ.วิชาญ ชัยชนะ,อยู่ระหว่างสอบสวน,ประสานนิติบุคคลอาคารชุดเพื่อไกล่เกลี่ย
2568-241,2025-08-17,10:30 น.,คุณสุทธิพงษ์ สุขใจ,065-123-4567,ลักทรัพย์,"อพาร์ตเมนต์ ""แฮปปี้โฮม"" ห้อง 303",ข้อมูลไม่เพียงพอที่จะระบุเขต,unknown,"เมื่อวันที่ 2025-08-16 เวลาประมาณ 02:00 น. คุณสุทธิพงษ์กลับจากทำงานพบว่าประตูหน้าต่างระเบียงถูกงัดแงะ โทรศัพท์มือถือยี่ห้อ iPhone 16 Pro สีทอง มูลค่า 50,000 บาท และเครื่องประดับทองคำบางส่วน ได้หายไป",พ.ต.ท.หญิงปรีดา ศรีสุข,อยู่ระหว่างสอบสวน,ตรวจสอบรอยนิ้วมือแฝงและกล้องวงจรปิดใกล้เคียง
2568-242,2025-08-18,16:00 น.,คุณรัตนาภรณ์ พัฒนา,086-234-5678,บัญชีม้า,"บริษัท ""เอเชียทัวร์ จำกัด"" ย่านดินแดง",เขตดินแดง,กรุงเทพ,"เมื่อวันที่ 2025-08-14 คุณรัตนาภรณ์ถูกกลุ่มมิจฉาชีพหลอกให้ลงทุนในโครงการท่องเที่ยวปลอม โดยมีการโอนเงินไปจำนวน 700,000 บาท หลังโอนเงินไปแล้วไม่สามารถติดต่อผู้หลอกลวงได้อีก",ร.ต.อ.วิชาญ ชัยชนะ,อยู่ระหว่างสอบสวน,รวบรวมหลักฐานการโอนเงินและข้อมูลการติดต่อ
2568-243,2025-08-19,09:15 น.,คุณชลิตา วงศ์วิวัฒน์,089-345-6789,อุบัติเหตุจราจร,ถนนพหลโยธิน (ใกล้โรงพยาบาลภูมิพลฯ),เขตสายไหม,กรุงเทพ,เมื่อวันที่ 2025-08-19 เวลาประมาณ 09:00 น. รถยนต์ของ คุณชลิตา ถูกรถจักรยานยนต์ที่ขับขี่ด้วยความเร็วสูงชนท้ายอย่างแรงขณะกำลังเลี้ยว ทำให้รถของเธอได้รับความเสียหายที่ท้ายรถอย่างมาก ส่วนคนขับรถจักรยานยนต์ได้รับบาดเจ็บเล็กน้อย,พ.ต.ท.หญิงปรีดา ศรีสุข,อยู่ระหว่างสอบสวน,รอผลการตรวจสภาพรถและเจรจาประกัน
2568-244,2025-08-20,19:00 น.,คุณชัยวัฒน์ มีสุข,061-456-7890,ทำร้ายร่างกาย,"ร้านอาหาร ""สเต๊กเฮาส์"" ย่านอารีย์",เขตพญาไท,กรุงเทพ,เมื่อวันที่ 2025-08-20 เวลาประมาณ 18:45 น. คุณชัยวัฒน์ถูกชายแปลกหน้า (ประมาณอายุ 30-35 ปี) ทำร้ายร่างกายด้วยการชกต่อยและใช้ขวดตี เนื่องจากไม่พอใจที่ถูกตักเตือนเรื่องเสียงดัง คุณชัยวัฒน์ได้รับบาดเจ็บศีรษะแตกและฟกช้ำตามร่างกาย,ร.ต.อ.วิชาญ ชัยชนะ,อยู่ระหว่างสอบสวน,ตรวจสอบกล้องวงจรปิดของร้านอาหารและสอบพยาน
2568-245,2025-08-21,10:15 น.,คุณพิมพ์ชนก แสงสว่าง,082-567-8901,ของหาย,ตลาดนัดเลียบด่วน รามอินทรา,เขตลาดพร้าว,กรุงเทพ,"เมื่อวันที่ 2025-08-21 เวลาประมาณ 09:45 น. คุณพิมพ์ชนกทำกระเป๋าสะพายข้างยี่ห้อ Longchamp มูลค่า 20,000 บาท หายขณะเดินเลือกซื้อสินค้า ภายในมีเงินสด 5,000 บาท, บัตรประชาชน, และบัตรเครดิต",พ.ต.ท.หญิงปรีดา ศรีสุข,อยู่ระหว่างสอบสวน,ประสานงานร้านค้าบริเวณที่คาดว่าทำหายและตรวจสอบกล้องวงจรปิด
2568-246,2025-08-22,08:30 น.,คุณอนันตชัย รัตนา,063-678-9012,ลักทรัพย์,"คอนโดมิเนียม ""แกรนด์วิว"" ห้อง 801",ข้อมูลไม่เพียงพอที่จะระบุเขต,unknown,"เมื่อคืนวันที่ 2025-08-21 ระหว่างเวลา 00:00 น. ถึง 07:00 น. ของเช้าวันที่ 2025-08-22 คุณอนันตชัยพบว่าประตูห้องพักถูกงัดแงะ และสร้อยคอทองคำหนัก 3 บาท มูลค่า 90,000 บาท พร้อมเงินสด 20,000 บาท ได้หายไปจากตู้เซฟเล็กๆ",ร.ต.อ.วิชาญ ชัยชนะ,อยู่ระหว่างสอบสวน,ตรวจสอบรอยนิ้วมือแฝงและกล้องวงจรปิดของคอนโดมิเนียม
2568-247,2025-08-23,13:00 น.,คุณเสาวนีย์ อุดมสุข,088-789-0123,ฉ้อโกง,"ร้านค้าปลีก ""โลตัส สุขาภิบาล 3""",ข้อมูลไม่เพียงพอที่จะระบุเขต,unknown,"เมื่อวันที่ 2025-08-22 คุณเสาวนีย์ถูกชายคนหนึ่งหลอกให้ซื้อบัตรเติมเงินปลอม โดยอ้างว่าจะได้รับโบนัสพิเศษจำนวนมาก หากซื้อบัตรในราคา 10,000 บาท เมื่อนำไปใช้จึงพบว่าเป็นบัตรปลอม",พ.ต.ท.หญิงปรีดา ศรีสุข,อยู่ระหว่างสอบสวน,สอบปากคำพยานและตรวจสอบกล้องวงจรปิดในบริเวณจุดเกิดเหตุ
2568-248,2025-08-24,17:45 น.,คุณปรีชาญ มีสุข,095-890-1234,อุบัติเหตุจราจร,ถนนประชาชื่น (ใกล้แยกพงษ์เพชร),เขตจตุจักร,กรุงเทพ,เมื่อวันที่ 2025-08-24 เวลาประมาณ 17:30 น. รถยนต์ของ คุณปรีชาญ ถูกรถจักรยานยนต์ที่ขับขี่มาด้วยความเร็วสูงชนท้ายอย่างแรงขณะจอดติดไฟแดง ทำให้รถของเขาได้รับความเสียหายที่ท้ายรถอย่างมาก ส่วนคนขับรถจักรยานยนต์ได้รับบาดเจ็บเล็กน้อย,ร.ต.อ.วิชาญ ชัยชนะ,อยู่ระหว่างสอบสวน,รอผลการตรวจสภาพรถและเจรจาประกัน
2568-249,2025-08-25,10:00 น.,คุณสุชาติ ชาติเชื้อ,061-901-2345,ทำร้ายร่างกาย,สวนสัตว์เชียงใหม่,จังหวัดเชียงใหม่,จังหวัดเชียงใหม่,เมื่อวันที่ 2025-08-25 เวลาประมาณ 09:30 น. คุณสุชาติถูกชายไม่ทราบชื่อ (ประมาณอายุ 35-40 ปี) ทำร้ายร่างกายด้วยการชกต่อยและเตะ เนื่องจากไม่พอใจที่ถูกตำหนิเรื่องการให้อาหารสัตว์ คุณสุชาติได้รับบาดเจ็บฟกช้ำที่ใบหน้าและลำตัว,ร.ต.อ.วิชาญ ชัยชนะ,อยู่ระหว่างสอบสวน,ตรวจสอบกล้องวงจรปิดของสวนสัตว์และสอบพยาน
2568-250,2025-08-26,12:45 น.,คุณสุดาพร รุ่งเรือง,081-123-4567,ทะเลาะวิวาท,"ร้านอาหาร ""ครัวเมืองใหม่"" ย่านสุทธิสาร",เขตดินแดง,กรุงเทพ,เมื่อวันที่ 2025-08-26 เวลาประมาณ 12:30 น. คุณสุดาพร ซึ่งเป็นเจ้าของร้าน มีปากเสียงกับลูกค้าหญิงคนหนึ่ง (ไม่ทราบชื่อ) เรื่องรสชาติอาหารที่ลูกค้าไม่พอใจ การโต้เถียงบานปลายจนมีการขว้างปาช้อนส้อมใส่กัน แต่ไม่มีใครได้รับบาดเจ็บ,ร.ต.อ.วิชาญ ชัยชนะ,อยู่ระหว่างสอบสวน,ตรวจสอบกล้องวงจรปิดภายในร้านและสอบปากคำพยาน
